Image_Path,Compound Name,M/Z,Old RT,Retention Time,rt_min,rt_max,intensity_max,Area,Score,Point counts
/home/zzy/testQuanFormer/QuanFormer/resources/example/profile_output/BC_1,1,103.04007,2.99,2.970785441621,2.2567349815368654,3.5522190475463873,5429109.5,2243155.498,1.0,397
/home/zzy/testQuanFormer/QuanFormer/resources/example/profile_output/BC_1,2,147.0299,10.45,11.092544673506,10.276116657257079,11.413039207458496,167702.969,77775.081,1.0,411
/home/zzy/testQuanFormer/QuanFormer/resources/example/profile_output/BC_1,3,145.05063,9.65,0.0,0.0,0.0,0.0,0.0,0.0,0
/home/zzy/testQuanFormer/QuanFormer/resources/example/profile_output/BC_1,4,161.04555,9.84,0.0,0.0,0.0,0.0,0.0,0.0,0
/home/zzy/testQuanFormer/QuanFormer/resources/example/profile_output/BC_1,5,184.98566,12.03,0.0,0.0,0.0,0.0,0.0,0.0,0
/home/zzy/testQuanFormer/QuanFormer/resources/example/profile_output/BC_1,6,182.04588,1.46,1.464286707465,1.229775390625,1.6560828781127928,126281.461,12978.956,1.0,15
/home/zzy/testQuanFormer/QuanFormer/resources/example/profile_output/BC_1,7,130.05097,8.36,8.532608992481,8.16694932937622,8.788868675231933,288897.375,64359.698,0.9990000128746033,156
/home/zzy/testQuanFormer/QuanFormer/resources/example/profile_output/BC_1,8,116.03532,5.45,5.146182889366,4.613245916366577,5.309490489959717,366727.281,132886.174,0.9980000257492065,215
/home/zzy/testQuanFormer/QuanFormer/resources/example/profile_output/BC_1,8,116.03532,5.45,5.462612258021,5.312666130065918,5.735070323944091,518021.531,97003.934,0.9950000047683716,136
/home/zzy/testQuanFormer/QuanFormer/resources/example/profile_output/BC_1,9,145.05063,9.59,0.0,0.0,0.0,0.0,0.0,0.0,0
/home/zzy/testQuanFormer/QuanFormer/resources/example/profile_output/BC_1,10,160.06153,9.75,8.845461108907,8.704407382011414,9.266191005706787,71706.383,18678.036,0.9980000257492065,134
/home/zzy/testQuanFormer/QuanFormer/resources/example/profile_output/BC_1,11,201.1357,12.32,12.107329708958,11.49073655128479,12.695249099731445,24410.525,9541.523,1.0,346
/home/zzy/testQuanFormer/QuanFormer/resources/example/profile_output/BC_1,12,88.0404,9.06,8.639091939354,8.333723793029785,9.159199104309083,3414019.25,644672.551,1.0,242
/home/zzy/testQuanFormer/QuanFormer/resources/example/profile_output/BC_1,13,448.30685,1.46,1.403981108093,0.9986953353881836,1.8296622848510742,11796233.0,2033555.259,1.0,105
/home/zzy/testQuanFormer/QuanFormer/resources/example/profile_output/BC_1,14,465.3044,1.0,1.514436406517,1.3200859069824218,1.7634904861450194,3015158.25,220228.185,1.0,62
/home/zzy/testQuanFormer/QuanFormer/resources/example/profile_output/BC_1,15,407.2803,1.56,1.514436406517,1.3187576866149904,1.7666036224365236,6376394.0,505102.299,1.0,68
/home/zzy/testQuanFormer/QuanFormer/resources/example/profile_output/BC_1,16,173.00916,12.1,12.702678841972,12.268124103546143,12.91154727935791,24372.283,5172.714,1.0,186
/home/zzy/testQuanFormer/QuanFormer/resources/example/profile_output/BC_1,17,147.0299,10.22,11.092544673506,10.250577087402345,11.266128273010255,167702.969,74392.139,1.0,365
/home/zzy/testQuanFormer/QuanFormer/resources/example/profile_output/BC_1,18,191.01973,12.41,12.702678841972,12.187174758911134,12.96485782623291,141546.531,27877.882,1.0,271
/home/zzy/testQuanFormer/QuanFormer/resources/example/profile_output/BC_1,19,174.08841,9.87,9.602941674614,8.959943265914916,10.136530036926269,879761.0,294297.125,1.0,376
/home/zzy/testQuanFormer/QuanFormer/resources/example/profile_output/BC_1,20,130.0622,8.39,8.528707057858,7.856491127014161,8.791443099975586,265388.188,59468.281,1.0,168
/home/zzy/testQuanFormer/QuanFormer/resources/example/profile_output/BC_1,21,112.05164,3.31,3.286350324376,2.60567608833313,3.814366493225098,4085049.5,1578148.43,1.0,368
/home/zzy/testQuanFormer/QuanFormer/resources/example/profile_output/BC_1,22,227.06735,2.5,2.270857857291,1.9624053955078127,2.6790469169616697,36012.676,8326.406,1.0,43
/home/zzy/testQuanFormer/QuanFormer/resources/example/profile_output/BC_1,23,179.05611,7.4,7.799250776196,7.099982643127442,8.443701171875,2298391.5,1852305.002,0.9980000257492065,410
/home/zzy/testQuanFormer/QuanFormer/resources/example/profile_output/BC_1,24,193.03538,9.94,10.525956406816,9.89136251449585,10.948154678344725,119903.039,43552.188,1.0,351
/home/zzy/testQuanFormer/QuanFormer/resources/example/profile_output/BC_1,25,89.02442,4.75,4.805827441438,3.8890888690948486,5.316182708740234,114460680.0,65738889.73,1.0,455
/home/zzy/testQuanFormer/QuanFormer/resources/example/profile_output/BC_1,26,146.04588,9.33,9.952765141551,9.06853940963745,10.30987174987793,871720.312,336855.51,1.0,399
/home/zzy/testQuanFormer/QuanFormer/resources/example/profile_output/BC_1,27,259.02244,10.77,0.0,0.0,0.0,0.0,0.0,0.0,0
/home/zzy/testQuanFormer/QuanFormer/resources/example/profile_output/BC_1,28,115.00368,10.75,11.637261123085,11.073373603820801,11.821783256530761,87712.641,30381.783,1.0,273
/home/zzy/testQuanFormer/QuanFormer/resources/example/profile_output/BC_1,29,181.07176,7.72,7.563002573077,6.982404918670654,8.077952880859375,187677.609,59372.504,1.0,287
/home/zzy/testQuanFormer/QuanFormer/resources/example/profile_output/BC_1,30,131.03498,10.16,10.683011490726,10.324109230041504,11.131344566345215,50441.711,22588.773,0.9990000128746033,291
/home/zzy/testQuanFormer/QuanFormer/resources/example/profile_output/BC_1,31,105.01933,7.19,6.850010973835,6.367999496459961,7.347761478424072,450220.906,170358.99,1.0,316
/home/zzy/testQuanFormer/QuanFormer/resources/example/profile_output/BC_1,32,171.0064,10.16,10.789340490723,10.12512975692749,11.133652458190918,13193.138,3819.91,1.0,202
/home/zzy/testQuanFormer/QuanFormer/resources/example/profile_output/BC_1,33,256.09555,8.38,7.476376758639,7.375645213127138,7.859068613052369,84224.406,9651.34,0.9980000257492065,104
/home/zzy/testQuanFormer/QuanFormer/resources/example/profile_output/BC_1,34,74.02475,9.18,9.31174634161,8.844171409606933,9.881560783386231,2023546.5,630621.111,1.0,326
/home/zzy/testQuanFormer/QuanFormer/resources/example/profile_output/BC_1,35,174.05203,10.18,10.387828789775,10.117105274200439,10.640055541992187,12142.403,1916.606,1.0,88
/home/zzy/testQuanFormer/QuanFormer/resources/example/profile_output/BC_1,36,116.04655,9.13,9.254770941162,8.869558124542237,9.480464248657228,12496.118,1504.55,1.0,43
/home/zzy/testQuanFormer/QuanFormer/resources/example/profile_output/BC_1,37,282.08439,6.98,6.923100406551,6.468973140716553,7.315422515869141,31089.633,8996.835,1.0,124
/home/zzy/testQuanFormer/QuanFormer/resources/example/profile_output/BC_1,38,178.05097,2.18,2.320899942144,2.0147472190856934,2.7363880920410155,960802.812,237938.793,0.9990000128746033,213
/home/zzy/testQuanFormer/QuanFormer/resources/example/profile_output/BC_1,39,131.07137,1.56,1.524598656718,1.279972896575928,2.0277200317382813,601773.0,77164.786,1.0,128
/home/zzy/testQuanFormer/QuanFormer/resources/example/profile_output/BC_1,40,181.05063,4.57,5.024815422916,4.266206760406495,5.355004997253419,426820.125,151187.691,1.0,303
/home/zzy/testQuanFormer/QuanFormer/resources/example/profile_output/BC_1,41,108.01247,8.68,8.720640789096,8.52018907546997,9.076325492858887,25283.379,4599.301,1.0,92
/home/zzy/testQuanFormer/QuanFormer/resources/example/profile_output/BC_1,42,135.03123,3.79,3.895175606632,3.2698931121826176,4.282438888549805,2310476.25,555135.749,1.0,316
/home/zzy/testQuanFormer/QuanFormer/resources/example/profile_output/BC_1,43,186.05605,1.36,2.409953572973,1.787387809753418,2.4156379318237304,123728.75,19003.621,1.0,110
/home/zzy/testQuanFormer/QuanFormer/resources/example/profile_output/BC_1,44,212.0023,2.78,2.936538941288,2.1953114318847655,3.3815047073364255,1615160.875,484520.296,1.0,351
/home/zzy/testQuanFormer/QuanFormer/resources/example/profile_output/BC_1,45,267.07349,5.22,5.230998276297,4.635550899505615,5.792232055664062,613482.875,194671.236,1.0,362
/home/zzy/testQuanFormer/QuanFormer/resources/example/profile_output/BC_1,46,191.01973,13.01,12.702678841972,12.293466053009032,13.082280979156494,141546.531,27824.485,1.0,278
/home/zzy/testQuanFormer/QuanFormer/resources/example/profile_output/BC_1,46,191.01973,13.01,13.671698692067,13.315085372924804,14.029900131225585,84196.531,35067.728,0.9990000128746033,266
/home/zzy/testQuanFormer/QuanFormer/resources/example/profile_output/BC_1,47,88.0404,8.51,8.639091939354,8.268869171142578,9.080093536376953,3414019.25,648469.017,1.0,237
/home/zzy/testQuanFormer/QuanFormer/resources/example/profile_output/BC_1,48,173.1044,14.7,14.169592490419,13.760791158676147,15.108334159851072,323278.688,170926.594,1.0,504
/home/zzy/testQuanFormer/QuanFormer/resources/example/profile_output/BC_1,49,131.04622,9.18,9.31174634161,8.612245445251464,9.712040214538574,1016548.812,258373.313,1.0,342
/home/zzy/testQuanFormer/QuanFormer/resources/example/profile_output/BC_1,50,132.03023,9.66,10.136135024452,9.45077672958374,10.623920211791992,337069.906,110696.703,1.0,390
/home/zzy/testQuanFormer/QuanFormer/resources/example/profile_output/BC_1,51,221.06015,10.58,0.0,0.0,0.0,0.0,0.0,0.0,0
/home/zzy/testQuanFormer/QuanFormer/resources/example/profile_output/BC_1,52,239.01657,10.05,10.328428775692,9.675251770019532,10.873860359191895,1034156.688,292550.931,1.0,418
/home/zzy/testQuanFormer/QuanFormer/resources/example/profile_output/BC_1,53,154.0622,8.67,8.790202008311,8.153005332946778,9.626917572021485,1529947.875,740182.369,1.0,433
/home/zzy/testQuanFormer/QuanFormer/resources/example/profile_output/BC_1,54,118.05097,8.81,8.606559557343,8.076709709167481,9.132897148132324,1443211.75,348133.534,1.0,312
/home/zzy/testQuanFormer/QuanFormer/resources/example/profile_output/BC_1,55,130.08735,5.59,5.443724408372,4.734072675704956,6.305313720703125,10884645.0,6668967.896,1.0,499
/home/zzy/testQuanFormer/QuanFormer/resources/example/profile_output/BC_1,56,207.07752,5.99,5.687620690091,5.20241979598999,6.377714195251465,55786.016,22038.268,1.0,249
/home/zzy/testQuanFormer/QuanFormer/resources/example/profile_output/BC_1,57,130.08735,5.82,5.443724408372,4.843582887649537,6.3453423690795905,10884645.0,6574262.838,1.0,476
/home/zzy/testQuanFormer/QuanFormer/resources/example/profile_output/BC_1,58,145.09825,14.39,13.809893408044,13.436014499664306,14.738127174377443,470072.719,240343.226,1.0,482
/home/zzy/testQuanFormer/QuanFormer/resources/example/profile_output/BC_1,59,164.0717,5.08,5.230998276297,4.534607915878296,5.809970932006836,7110323.5,2650241.346,1.0,399
/home/zzy/testQuanFormer/QuanFormer/resources/example/profile_output/BC_1,60,114.05605,6.78,6.75024155639,5.9805287170410155,7.290455703735352,4666135.0,1866871.983,1.0,426
/home/zzy/testQuanFormer/QuanFormer/resources/example/profile_output/BC_1,61,104.03532,9.38,9.454997323577,8.769008951187134,9.959032707214357,2079421.875,590982.147,1.0,378
/home/zzy/testQuanFormer/QuanFormer/resources/example/profile_output/BC_1,62,118.05097,8.51,8.606559557343,8.010889873504638,9.103282127380371,1443211.75,351129.411,1.0,323
/home/zzy/testQuanFormer/QuanFormer/resources/example/profile_output/BC_1,63,203.0826,6.47,6.47617580754,5.6477798652648925,7.060212059020996,12705212.0,5522323.213,1.0,460
/home/zzy/testQuanFormer/QuanFormer/resources/example/profile_output/BC_1,64,180.06662,7.62,7.720176925882,6.794980068206788,8.156311721801758,1548707.25,702998.171,1.0,389
/home/zzy/testQuanFormer/QuanFormer/resources/example/profile_output/BC_1,65,116.0717,6.81,6.810003573322,6.029880485534668,7.355873260498047,8132146.5,3263607.469,1.0,432
/home/zzy/testQuanFormer/QuanFormer/resources/example/profile_output/BC_1,66,133.01425,10.87,11.61088895661,10.805569381713866,11.90053741455078,310351.781,100390.408,1.0,395
/home/zzy/testQuanFormer/QuanFormer/resources/example/profile_output/BC_1,67,179.05611,10.0,9.990902525806,9.530795001983643,10.500255584716797,506206.719,167649.044,1.0,326
/home/zzy/testQuanFormer/QuanFormer/resources/example/profile_output/BC_1,68,173.09317,9.96,9.37003639005,8.97747946739197,9.615386924743653,39259.297,9231.063,0.9980000257492065,165
/home/zzy/testQuanFormer/QuanFormer/resources/example/profile_output/BC_1,69,187.10882,8.77,8.53651710612,8.458790893554687,8.772031230926514,35548.367,501.045,0.9990000128746033,1
/home/zzy/testQuanFormer/QuanFormer/resources/example/profile_output/BC_1,70,173.05678,7.11,7.081041974449,6.622142086029053,7.439372024536134,823784.625,242905.772,1.0,261
/home/zzy/testQuanFormer/QuanFormer/resources/example/profile_output/BC_1,70,173.05678,7.11,7.838368640963,7.484810218811035,8.115285263061523,619144.375,183473.076,0.9990000128746033,152
/home/zzy/testQuanFormer/QuanFormer/resources/example/profile_output/BC_1,71,130.05097,3.65,3.895175606632,3.1640646934509276,4.379015731811523,374980.531,190540.393,0.9990000128746033,382
/home/zzy/testQuanFormer/QuanFormer/resources/example/profile_output/BC_1,72,174.0408,10.21,10.720227709039,9.986608848571779,11.13579746246338,140286.406,45086.786,1.0,402
/home/zzy/testQuanFormer/QuanFormer/resources/example/profile_output/BC_1,73,188.05645,10.09,10.422312472884,9.841257801055908,10.902762832641601,60229.949,20304.281,1.0,331
/home/zzy/testQuanFormer/QuanFormer/resources/example/profile_output/BC_1,74,146.04588,5.68,6.046397072697,5.437118129730225,6.0923653411865235,200683.484,68218.642,0.9929999709129333,214
/home/zzy/testQuanFormer/QuanFormer/resources/example/profile_output/BC_1,74,146.04588,5.68,6.046397072697,5.897647933959961,6.496735458374023,200683.484,56015.943,0.9900000095367432,200
/home/zzy/testQuanFormer/QuanFormer/resources/example/profile_output/BC_1,75,176.03869,1.83,2.320899942144,1.868749408721924,2.8087811279296875,204327.719,50124.246,1.0,233
/home/zzy/testQuanFormer/QuanFormer/resources/example/profile_output/BC_1,76,121.04074,1.79,0.0,0.0,0.0,0.0,0.0,0.0,0
/home/zzy/testQuanFormer/QuanFormer/resources/example/profile_output/BC_1,77,146.04588,6.52,6.046397072697,5.740065212249755,6.288246555328369,200683.484,57536.501,0.9959999918937683,181
/home/zzy/testQuanFormer/QuanFormer/resources/example/profile_output/BC_1,77,146.04588,6.52,6.729535773023,6.421359939575195,7.133084411621093,353247.469,88424.088,1.0,227
/home/zzy/testQuanFormer/QuanFormer/resources/example/profile_output/BC_1,78,140.01182,10.16,10.768009323502,10.557489547729492,11.078339729309082,2856.408,231.971,0.9990000128746033,6
/home/zzy/testQuanFormer/QuanFormer/resources/example/profile_output/BC_1,79,288.12011,8.98,9.106176792208,8.796728973388673,9.281173782348633,6842.437,268.078,1.0,2
/home/zzy/testQuanFormer/QuanFormer/resources/example/profile_output/BC_1,80,155.00983,5.06,5.467356191699,5.06825023651123,5.869566116333008,27492.818,7123.093,0.9990000128746033,110
/home/zzy/testQuanFormer/QuanFormer/resources/example/profile_output/BC_1,81,145.01425,10.52,11.377946391328,10.5399143409729,11.551813621520996,155483.422,44770.71,1.0,345
/home/zzy/testQuanFormer/QuanFormer/resources/example/profile_output/BC_1,82,218.1034,3.84,3.895175606632,3.5728540802001953,4.184535446166992,279043.469,54425.932,0.996999979019165,190
/home/zzy/testQuanFormer/QuanFormer/resources/example/profile_output/BC_1,83,120.08187,8.69,8.643832376226,8.58073610305786,8.7944038772583,5784.953,16.371,0.996999979019165,1
/home/zzy/testQuanFormer/QuanFormer/resources/example/profile_output/BC_1,84,128.03532,5.52,5.796850608412,5.044362087249755,6.176946182250976,3939810.75,1583216.046,1.0,358
/home/zzy/testQuanFormer/QuanFormer/resources/example/profile_output/BC_1,85,176.93595,10.42,0.0,0.0,0.0,0.0,0.0,0.0,0
/home/zzy/testQuanFormer/QuanFormer/resources/example/profile_output/BC_1,86,87.00877,3.25,3.36710570914,2.732056903839111,3.9148630142211918,1749168.625,721830.15,1.0,358
/home/zzy/testQuanFormer/QuanFormer/resources/example/profile_output/BC_1,87,375.13101,2.83,2.320899942144,2.138695936203003,2.956433277130127,17827.391,3904.425,1.0,141
/home/zzy/testQuanFormer/QuanFormer/resources/example/profile_output/BC_1,88,383.11431,8.4,8.432998973751,8.32742223739624,8.637067127227784,11848.202,128.822,0.9990000128746033,2
/home/zzy/testQuanFormer/QuanFormer/resources/example/profile_output/BC_1,89,88.0404,7.89,8.639091939354,8.264492263793946,8.865891494750976,3414019.25,606558.266,1.0,170
/home/zzy/testQuanFormer/QuanFormer/resources/example/profile_output/BC_1,90,201.11323,5.08,6.06326692365,5.202770881652832,6.09671085357666,608767.188,147316.322,1.0,283
/home/zzy/testQuanFormer/QuanFormer/resources/example/profile_output/BC_1,91,117.01933,10.2,0.0,0.0,0.0,0.0,0.0,0.0,0
/home/zzy/testQuanFormer/QuanFormer/resources/example/profile_output/BC_1,92,149.00916,11.47,11.450285306199,11.302877063751222,11.601665706634522,1077.327,6.295,0.9929999709129333,2
/home/zzy/testQuanFormer/QuanFormer/resources/example/profile_output/BC_1,93,124.00739,8.48,8.821472957357,8.13705680847168,9.199125175476075,3895262.0,1127216.619,1.0,313
/home/zzy/testQuanFormer/QuanFormer/resources/example/profile_output/BC_1,94,175.03604,11.08,0.0,0.0,0.0,0.0,0.0,0.0,0
/home/zzy/testQuanFormer/QuanFormer/resources/example/profile_output/BC_1,95,167.02106,8.15,8.458678291861,7.6768757820129405,8.857889938354493,48874924.0,15552633.743,1.0,344
/home/zzy/testQuanFormer/QuanFormer/resources/example/profile_output/BC_1,96,243.06226,3.71,3.489520091438,2.8736569023132326,4.194934425354004,2326532.75,970340.102,1.0,402
/home/zzy/testQuanFormer/QuanFormer/resources/example/profile_output/BC_1,97,137.03565,6.86,0.0,0.0,0.0,0.0,0.0,0.0,0
/home/zzy/testQuanFormer/QuanFormer/resources/example/profile_output/BC_1,98,151.02615,5.05,5.418194507186,4.468780899047851,6.0402179718017575,671661.312,366109.696,1.0,492
/home/zzy/testQuanFormer/QuanFormer/resources/example/profile_output/BC_1,99,151.04007,2.11,1.132610991224,1.1139115905761718,1.5079779720306394,202831.781,24697.494,0.9950000047683716,12
/home/zzy/testQuanFormer/QuanFormer/resources/example/profile_output/BC_1,100,149.02779,1.99,2.178519823774,1.7468565368652342,2.456652488708496,30963.305,7714.634,0.9990000128746033,83
/home/zzy/testQuanFormer/QuanFormer/resources/example/profile_output/BC_1,101,181.05063,3.81,4.877877639357,4.111764869689941,4.892817459106445,352282.0,99639.346,0.9990000128746033,255
/home/zzy/testQuanFormer/QuanFormer/resources/example/profile_output/BC_1,102,131.04622,7.81,0.0,0.0,0.0,0.0,0.0,0.0,0
/home/zzy/testQuanFormer/QuanFormer/resources/example/profile_output/BC_1,103,187.13397,1.43,1.102421858533,0.9313291358947753,1.6700479316711423,591417.625,116501.649,1.0,44
/home/zzy/testQuanFormer/QuanFormer/resources/example/profile_output/BC_1,104,151.04007,10.25,0.0,0.0,0.0,0.0,0.0,0.0,0
/home/zzy/testQuanFormer/QuanFormer/resources/example/profile_output/BC_1,105,175.08769,3.84,3.416728725656,3.2720784568786616,3.874669685363769,5654.842,403.463,0.9980000257492065,2
/home/zzy/testQuanFormer/QuanFormer/resources/example/profile_output/BC_1,106,183.06628,2.32,1.504350609207,1.3147066068649291,1.7280042839050291,66339.883,7113.372,0.9929999709129333,9
/home/zzy/testQuanFormer/QuanFormer/resources/example/profile_output/BC_1,107,110.02475,4.51,3.530855157598,3.466626939773559,4.1837420082092285,47359.418,11665.714,1.0,117
/home/zzy/testQuanFormer/QuanFormer/resources/example/profile_output/BC_1,108,136.0404,1.56,1.233159024143,1.1439267730712892,1.4638987159729004,106540.25,2469.323,0.9990000128746033,2
/home/zzy/testQuanFormer/QuanFormer/resources/example/profile_output/BC_1,109,164.03869,8.14,8.370161973063,8.024518718719483,8.474491348266602,53451.512,5625.76,1.0,10
/home/zzy/testQuanFormer/QuanFormer/resources/example/profile_output/BC_1,110,117.01933,8.58,8.443871925894,7.981532936096192,8.87957618713379,199096.578,46059.829,1.0,211
/home/zzy/testQuanFormer/QuanFormer/resources/example/profile_output/BC_1,111,217.09825,1.88,1.820480023448,1.7227150726318357,2.0086025047302245,7437.029,54.81,0.9990000128746033,1
/home/zzy/testQuanFormer/QuanFormer/resources/example/profile_output/BC_1,112,219.09865,6.92,7.344459357484,7.039649982452392,7.494563980102539,13303.276,703.701,0.9990000128746033,5
/home/zzy/testQuanFormer/QuanFormer/resources/example/profile_output/BC_1,113,129.01933,2.49,1.65028407437,1.4456230783462525,1.8773094081878665,249527.625,46943.422,0.9959999918937683,77
/home/zzy/testQuanFormer/QuanFormer/resources/example/profile_output/BC_1,113,129.01933,2.49,2.178519823774,2.053613605499268,2.688843574523926,265650.5,46107.526,0.9990000128746033,188
/home/zzy/testQuanFormer/QuanFormer/resources/example/profile_output/BC_1,114,102.05605,8.95,9.952765141551,9.383509826660156,9.964016151428222,69478.922,20288.628,0.9980000257492065,187
/home/zzy/testQuanFormer/QuanFormer/resources/example/profile_output/BC_1,115,115.04007,1.62,1.602271356805,1.3251838874816895,2.4484263610839845,1363631.0,538498.263,1.0,254
/home/zzy/testQuanFormer/QuanFormer/resources/example/profile_output/BC_1,116,121.0295,2.117,2.112433690453,1.5249100608825685,2.718969909667969,886902.312,357451.916,1.0,320
/home/zzy/testQuanFormer/QuanFormer/resources/example/profile_output/BC_1,117,102.05605,6.32,6.252568140252,5.810501213073731,6.615566940307618,47504.66,19242.685,0.9940000176429749,269
/home/zzy/testQuanFormer/QuanFormer/resources/example/profile_output/BC_1,118,195.05103,9.08,9.31174634161,8.893101005554199,9.839176254272461,703889.375,328323.918,0.9990000128746033,295
/home/zzy/testQuanFormer/QuanFormer/resources/example/profile_output/BC_1,119,464.30176,1.48,1.514436406517,1.3140203285217282,1.7575403022766114,10506905.0,736918.927,1.0,61
/home/zzy/testQuanFormer/QuanFormer/resources/example/profile_output/BC_1,120,103.00368,10.06,0.0,0.0,0.0,0.0,0.0,0.0,0
/home/zzy/testQuanFormer/QuanFormer/resources/example/profile_output/BC_1,121,220.08266,6.0,0.0,0.0,0.0,0.0,0.0,0.0,0
/home/zzy/testQuanFormer/QuanFormer/resources/example/profile_output/BC_1,122,160.06153,8.26,8.549020241324,8.349095497131348,8.76543212890625,91501.016,14888.835,0.9990000128746033,77
/home/zzy/testQuanFormer/QuanFormer/resources/example/profile_output/BC_1,122,160.06153,8.26,8.845461108907,8.72538791656494,9.207467422485351,71706.383,17331.734,0.9959999918937683,126
/home/zzy/testQuanFormer/QuanFormer/resources/example/profile_output/BC_1,123,115.07645,10.74,0.0,0.0,0.0,0.0,0.0,0.0,0
/home/zzy/testQuanFormer/QuanFormer/resources/example/profile_output/BC_1,124,131.03498,4.72,0.0,0.0,0.0,0.0,0.0,0.0,0
/home/zzy/testQuanFormer/QuanFormer/resources/example/profile_output/BC_1,125,75.00877,3.0,3.191877109432,2.8974515914916994,3.719873237609863,50392.105,20970.48,1.0,249
/home/zzy/testQuanFormer/QuanFormer/resources/example/profile_output/BC_1,126,151.04007,1.28,1.132610991224,0.9773673820495605,1.4592893409729006,202831.781,31384.322,1.0,12
/home/zzy/testQuanFormer/QuanFormer/resources/example/profile_output/BC_1,127,128.0717,9.35,8.558393206819,8.409802269935607,9.047787284851074,27701.469,4722.233,0.9990000128746033,35
/home/zzy/testQuanFormer/QuanFormer/resources/example/profile_output/BC_1,128,250.09456,4.09,0.0,0.0,0.0,0.0,0.0,0.0,0
/home/zzy/testQuanFormer/QuanFormer/resources/example/profile_output/BC_1,129,113.03565,1.99,1.504350609207,1.398331251144409,1.9441691780090333,96544.453,10474.1,1.0,75
/home/zzy/testQuanFormer/QuanFormer/resources/example/profile_output/BC_1,130,188.0717,1.27,2.320899942144,1.577311820983887,2.326292724609375,47570892.0,6453291.45,1.0,194
/home/zzy/testQuanFormer/QuanFormer/resources/example/profile_output/BC_1,131,102.01967,6.79,6.140346656863,5.870342292785645,6.403888835906982,116968.375,22199.771,0.9980000257492065,178
/home/zzy/testQuanFormer/QuanFormer/resources/example/profile_output/BC_1,131,102.01967,6.79,6.850010973835,6.576747932434082,7.473215713500977,91250.578,32941.524,0.9980000257492065,221
/home/zzy/testQuanFormer/QuanFormer/resources/example/profile_output/BC_1,132,146.04588,9.38,9.952765141551,9.053315715789795,10.342945365905763,871720.312,337708.16,1.0,419
/home/zzy/testQuanFormer/QuanFormer/resources/example/profile_output/BC_1,133,182.08227,8.94,8.578454822922,8.483638229370117,8.778911628723144,11820.682,92.185,0.9980000257492065,1
/home/zzy/testQuanFormer/QuanFormer/resources/example/profile_output/BC_1,134,218.06701,8.82,0.0,0.0,0.0,0.0,0.0,0.0,0
/home/zzy/testQuanFormer/QuanFormer/resources/example/profile_output/BC_1,135,130.9986,11.44,0.0,0.0,0.0,0.0,0.0,0.0,0
/home/zzy/testQuanFormer/QuanFormer/resources/example/profile_output/BC_1,136,159.0299,10.36,0.0,0.0,0.0,0.0,0.0,0.0,0
/home/zzy/testQuanFormer/QuanFormer/resources/example/profile_output/BC_1,137,178.08735,11.17,0.0,0.0,0.0,0.0,0.0,0.0,0
/home/zzy/testQuanFormer/QuanFormer/resources/example/profile_output/BC_1,138,175.0612,8.77,8.320106822872,8.081274242401122,8.332937545776367,19547.006,68.391,0.9909999966621399,1
/home/zzy/testQuanFormer/QuanFormer/resources/example/profile_output/BC_1,139,193.03538,9.02,8.524043272559,8.38212100982666,8.885083599090576,110852.664,14366.83,0.9990000128746033,92
/home/zzy/testQuanFormer/QuanFormer/resources/example/profile_output/BC_1,140,153.01933,3.01,3.283979839706,2.964774475097656,3.4939662551879884,43027.734,8203.086,0.9990000128746033,124
/home/zzy/testQuanFormer/QuanFormer/resources/example/profile_output/BC_1,141,169.05063,3.77,0.0,0.0,0.0,0.0,0.0,0.0,0
/home/zzy/testQuanFormer/QuanFormer/resources/example/profile_output/BC_1,142,146.06114,3.58,0.0,0.0,0.0,0.0,0.0,0.0,0
/home/zzy/testQuanFormer/QuanFormer/resources/example/profile_output/BC_1,143,149.0608,1.52,1.494266989454,1.2512508583068849,1.7157939147949222,872798.875,59919.042,1.0,54
/home/zzy/testQuanFormer/QuanFormer/resources/example/profile_output/BC_1,144,119.01722,2.36,2.273230308914,2.2083070373535154,2.4368020629882814,10891.484,25.835,0.9980000257492065,1
/home/zzy/testQuanFormer/QuanFormer/resources/example/profile_output/BC_1,145,225.05169,7.89,7.63488339049,7.169026317596435,7.930762996673584,38073.344,8532.442,1.0,44
/home/zzy/testQuanFormer/QuanFormer/resources/example/profile_output/BC_1,146,121.0295,9.41,0.0,0.0,0.0,0.0,0.0,0.0,0
/home/zzy/testQuanFormer/QuanFormer/resources/example/profile_output/BC_1,147,137.02442,3.01,0.0,0.0,0.0,0.0,0.0,0.0,0
/home/zzy/testQuanFormer/QuanFormer/resources/example/profile_output/BC_1,148,163.04007,5.66,5.024815422916,4.706486854553223,5.306344757080078,59020.219,9747.801,0.9990000128746033,33
/home/zzy/testQuanFormer/QuanFormer/resources/example/profile_output/BC_1,149,166.05097,8.94,0.0,0.0,0.0,0.0,0.0,0.0,0
/home/zzy/testQuanFormer/QuanFormer/resources/example/profile_output/BC_1,150,179.03498,3.33,3.751851958656,3.329135971069336,4.0077738571167,21762.775,5043.851,1.0,113
/home/zzy/testQuanFormer/QuanFormer/resources/example/profile_output/BC_1,151,257.00679,3.61,3.895175606632,3.582015571594238,4.297251663208008,34786.148,5807.568,1.0,49
/home/zzy/testQuanFormer/QuanFormer/resources/example/profile_output/BC_1,152,258.03843,10.65,10.481972573821,10.253668117523194,10.723525142669677,4501.476,576.279,1.0,38
/home/zzy/testQuanFormer/QuanFormer/resources/example/profile_output/BC_1,153,258.03843,10.65,10.481972573821,10.253668117523194,10.723525142669677,4501.476,576.279,1.0,38
/home/zzy/testQuanFormer/QuanFormer/resources/example/profile_output/BC_1,154,72.99312,8.0,8.489062876129,8.180226802825928,8.839149665832519,65572.734,16072.459,0.9980000257492065,98
/home/zzy/testQuanFormer/QuanFormer/resources/example/profile_output/BC_1,155,187.07243,9.4,9.394098956013,8.730990171432495,9.826042366027833,268496.219,78606.789,1.0,262
/home/zzy/testQuanFormer/QuanFormer/resources/example/profile_output/BC_1,156,172.09792,1.56,1.524598656718,1.3671803092956543,1.8028665161132813,87709.0,5739.006,1.0,14
/home/zzy/testQuanFormer/QuanFormer/resources/example/profile_output/BC_1,157,206.08227,1.53,1.504350609207,1.2163553047180176,1.7623641777038577,134089.344,13052.78,1.0,11
/home/zzy/testQuanFormer/QuanFormer/resources/example/profile_output/BC_1,158,122.02475,2.65,0.0,0.0,0.0,0.0,0.0,0.0,0
/home/zzy/testQuanFormer/QuanFormer/resources/example/profile_output/BC_1,159,166.01458,10.09,0.0,0.0,0.0,0.0,0.0,0.0,0
/home/zzy/testQuanFormer/QuanFormer/resources/example/profile_output/BC_1,160,503.16176,10.22,10.190682322407,9.882858963012696,10.538236160278322,6372.023,1068.177,1.0,12
/home/zzy/testQuanFormer/QuanFormer/resources/example/profile_output/BC_1,161,151.04007,1.28,1.132610991224,0.9773673820495605,1.4592893409729006,202831.781,31384.322,1.0,12
/home/zzy/testQuanFormer/QuanFormer/resources/example/profile_output/BC_1,162,136.0404,1.5,1.233159024143,1.1530399322509766,1.4672613143920898,106540.25,2581.988,0.9990000128746033,2
/home/zzy/testQuanFormer/QuanFormer/resources/example/profile_output/BC_1,163,137.02442,2.31,1.504350609207,1.3702946043014528,1.940408477783203,230830.5,22528.121,0.9990000128746033,56
/home/zzy/testQuanFormer/QuanFormer/resources/example/profile_output/BC_1,164,173.04555,9.13,0.0,0.0,0.0,0.0,0.0,0.0,0
/home/zzy/testQuanFormer/QuanFormer/resources/example/profile_output/BC_1,165,173.08193,8.59,9.31174634161,8.964024963378906,9.492110290527343,110230.266,24061.749,0.9940000176429749,162
/home/zzy/testQuanFormer/QuanFormer/resources/example/profile_output/BC_1,165,173.08193,8.59,9.31174634161,8.929436149597167,9.583600654602051,110230.266,26023.696,0.9940000176429749,202
/home/zzy/testQuanFormer/QuanFormer/resources/example/profile_output/BC_1,166,341.10894,8.81,9.003781523927,8.602241954803468,9.203110656738282,14320.219,2378.513,0.9990000128746033,50
/home/zzy/testQuanFormer/QuanFormer/resources/example/profile_output/BC_1,167,341.10894,8.81,9.003781523927,8.602241954803468,9.203110656738282,14320.219,2378.513,0.9990000128746033,50
/home/zzy/testQuanFormer/QuanFormer/resources/example/profile_output/BC_1,168,243.02753,10.56,10.772741773351,10.697257099151612,10.976778373718263,1941.91,21.398,0.9990000128746033,1
/home/zzy/testQuanFormer/QuanFormer/resources/example/profile_output/BC_1,169,129.05572,1.46,1.464286707465,0.9730316734313964,1.7994388198852538,16812110.0,2867956.632,1.0,103
/home/zzy/testQuanFormer/QuanFormer/resources/example/profile_output/BC_1,170,152.03532,8.94,0.0,0.0,0.0,0.0,0.0,0.0,0
/home/zzy/testQuanFormer/QuanFormer/resources/example/profile_output/BC_1,171,210.07718,7.06,6.814750240866,6.555502185821533,7.257226238250732,17371.527,3558.201,0.9990000128746033,75
/home/zzy/testQuanFormer/QuanFormer/resources/example/profile_output/BC_1,172,129.05572,5.09,0.0,0.0,0.0,0.0,0.0,0.0,0
/home/zzy/testQuanFormer/QuanFormer/resources/example/profile_output/BC_1,173,157.03671,7.1,7.206629024569,6.673527336120605,7.451669883728027,49925.648,13364.754,1.0,173
/home/zzy/testQuanFormer/QuanFormer/resources/example/profile_output/BC_1,174,395.18977,1.1,0.961306356017,0.7270818710327149,1.2241332054138185,733601.062,68937.703,1.0,38
/home/zzy/testQuanFormer/QuanFormer/resources/example/profile_output/BC_1,175,102.05605,8.95,9.952765141551,9.383509826660156,9.964016151428222,69478.922,20288.628,0.9980000257492065,187
/home/zzy/testQuanFormer/QuanFormer/resources/example/profile_output/BC_1,176,241.083,1.67,1.213027706369,0.9743317794799804,1.593919677734375,2963862.5,328749.927,1.0,60
/home/zzy/testQuanFormer/QuanFormer/resources/example/profile_output/BC_1,177,131.0826,9.597,9.600578425948,8.87864324760437,10.07968527984619,1086763.625,338915.745,1.0,384
/home/zzy/testQuanFormer/QuanFormer/resources/example/profile_output/BC_1,178,179.05611,8.25,7.799250776196,7.269257140159606,8.252260780334472,2298391.5,1516167.448,0.9919999837875366,300
/home/zzy/testQuanFormer/QuanFormer/resources/example/profile_output/BC_1,178,179.05611,8.25,8.532608992481,8.337671375274658,8.987318229675292,2970857.0,575369.226,0.9950000047683716,186
/home/zzy/testQuanFormer/QuanFormer/resources/example/profile_output/BC_1,179,148.04377,6.53,6.364070906862,5.687336091995239,7.025004653930665,889546.938,376926.337,1.0,437
/home/zzy/testQuanFormer/QuanFormer/resources/example/profile_output/BC_1,180,185.08189,1.54,1.524598656718,1.1551832580566406,2.057664337158203,2822604.5,393921.827,1.0,157
/home/zzy/testQuanFormer/QuanFormer/resources/example/profile_output/BC_1,181,163.06123,5.642,5.592334789658,4.839200775146485,6.209730712890625,906757.125,450423.374,1.0,432
/home/zzy/testQuanFormer/QuanFormer/resources/example/profile_output/BC_1,182,309.27996,0.97,0.961306356017,0.6927691926956177,1.44350479221344,914853.5,162790.783,1.0,65
/home/zzy/testQuanFormer/QuanFormer/resources/example/profile_output/BC_1,183,307.26428,0.984,1.032041758919,0.686248403930664,1.4722952758789063,1402641.25,252492.58,1.0,66
/home/zzy/testQuanFormer/QuanFormer/resources/example/profile_output/BC_1,184,271.22794,1.077,1.042039122804,0.739981128692627,1.3983317871093748,2141251.5,305687.632,1.0,62
/home/zzy/testQuanFormer/QuanFormer/resources/example/profile_output/BC_1,185,339.23281,1.005,1.042039122804,0.6926547813415527,1.488732986450195,3892086.75,690359.114,1.0,87
/home/zzy/testQuanFormer/QuanFormer/resources/example/profile_output/BC_1,186,117.05567,2.138,2.138410157585,1.4367838745117187,2.790291679382324,3285276.75,1486067.248,1.0,345
/home/zzy/testQuanFormer/QuanFormer/resources/example/profile_output/BC_1,187,131.07138,1.537,1.524598656718,1.2732546920776366,2.018349563598633,601773.0,76379.601,1.0,125
/home/zzy/testQuanFormer/QuanFormer/resources/example/profile_output/BC_1,188,145.01428,11.362,11.377946391328,10.639203464508057,11.844945823669434,155483.422,46127.541,1.0,439
/home/zzy/testQuanFormer/QuanFormer/resources/example/profile_output/BC_1,189,103.0399,3.024,2.970785441621,2.3005634059906006,3.5320564498901366,5429109.5,2140454.284,1.0,377
/home/zzy/testQuanFormer/QuanFormer/resources/example/profile_output/BC_1,190,201.11327,6.707,6.06326692365,5.775790864944458,6.409152824401855,608767.188,163028.551,1.0,209
/home/zzy/testQuanFormer/QuanFormer/resources/example/profile_output/BC_1,190,201.11327,6.707,6.729535773023,6.59689372253418,7.264730102539062,394570.281,95965.154,0.9990000128746033,212
/home/zzy/testQuanFormer/QuanFormer/resources/example/profile_output/BC_1,191,201.11325,6.061,6.06326692365,5.571513114929199,6.38568318939209,608767.188,184050.563,1.0,269
/home/zzy/testQuanFormer/QuanFormer/resources/example/profile_output/BC_1,191,201.11325,6.061,6.729535773023,6.5146796569824215,7.08492406463623,394570.281,101553.987,0.9990000128746033,180
/home/zzy/testQuanFormer/QuanFormer/resources/example/profile_output/BC_1,192,128.03531,5.853,5.796850608412,5.215430572509765,6.1872565536499025,3939810.75,1521452.232,1.0,310
/home/zzy/testQuanFormer/QuanFormer/resources/example/profile_output/BC_1,192,128.03531,5.853,6.577316942437,6.253269126892089,6.833281639099121,2412369.75,624513.019,0.9990000128746033,190
/home/zzy/testQuanFormer/QuanFormer/resources/example/profile_output/BC_1,193,127.05129,9.099,9.087868391101,8.465843938827515,9.508088897705079,1238087.375,329390.534,1.0,309
/home/zzy/testQuanFormer/QuanFormer/resources/example/profile_output/BC_1,194,116.07165,6.844,6.810003573322,6.0356550159454345,7.358551734924317,8132146.5,3261918.627,1.0,431
/home/zzy/testQuanFormer/QuanFormer/resources/example/profile_output/BC_1,195,305.2486,0.975,0.971409275754,0.6889302730560303,1.460761024951935,1286944.0,229566.837,1.0,59
/home/zzy/testQuanFormer/QuanFormer/resources/example/profile_output/BC_1,196,303.23284,0.984,0.971409275754,0.6975512756347656,1.4436880126953124,12608451.0,2105068.127,1.0,87
/home/zzy/testQuanFormer/QuanFormer/resources/example/profile_output/BC_1,197,131.04621,9.278,9.31174634161,8.623475912094117,9.75086148071289,1016548.812,258566.168,1.0,351
/home/zzy/testQuanFormer/QuanFormer/resources/example/profile_output/BC_1,198,187.09749,8.578,8.57457545859,7.770092037200927,8.875261810302733,2394252.5,722296.139,1.0,322
/home/zzy/testQuanFormer/QuanFormer/resources/example/profile_output/BC_1,199,239.09211,2.37,2.320899942144,1.6291687202453615,3.036780090332032,17669108.0,7222659.193,1.0,405
/home/zzy/testQuanFormer/QuanFormer/resources/example/profile_output/BC_1,200,145.06182,9.095,9.087868391101,8.406481761932374,9.550869674682618,10921802.0,2908123.745,1.0,339
/home/zzy/testQuanFormer/QuanFormer/resources/example/profile_output/BC_1,201,179.05613,8.516,8.532608992481,8.317897525787354,9.00317384338379,2970857.0,600785.534,0.9980000257492065,197
/home/zzy/testQuanFormer/QuanFormer/resources/example/profile_output/BC_1,202,133.01427,11.596,11.61088895661,10.893617530822754,12.205715270996095,310351.781,106249.898,1.0,478
/home/zzy/testQuanFormer/QuanFormer/resources/example/profile_output/BC_1,203,203.08248,6.477,6.47617580754,5.653347589492798,7.053112747192383,12705212.0,5519425.456,1.0,457
/home/zzy/testQuanFormer/QuanFormer/resources/example/profile_output/BC_1,204,171.1391,1.126,1.122556824112,0.8568426856994629,1.417379928588867,2054345.5,216223.71,1.0,30
/home/zzy/testQuanFormer/QuanFormer/resources/example/profile_output/BC_1,205,167.03498,1.528,1.504350609207,1.2249449996948245,1.9955327301025392,3082240.75,315131.831,1.0,130
/home/zzy/testQuanFormer/QuanFormer/resources/example/profile_output/BC_1,206,391.28527,1.362,1.333551790937,0.8965222473144532,1.7805926437377932,4936764.5,1073280.285,1.0,114
/home/zzy/testQuanFormer/QuanFormer/resources/example/profile_output/BC_1,207,181.05063,4.919,5.024815422916,4.309526819229125,5.377584594726562,426820.125,148901.627,1.0,289
/home/zzy/testQuanFormer/QuanFormer/resources/example/profile_output/BC_1,208,88.04036,8.647,8.63672152621,8.266845581054687,9.110055801391601,3440003.25,657789.599,1.0,247
/home/zzy/testQuanFormer/QuanFormer/resources/example/profile_output/BC_1,209,173.1044,14.151,14.169592490419,13.408289409637451,15.014842010498047,323278.688,190850.964,1.0,598
/home/zzy/testQuanFormer/QuanFormer/resources/example/profile_output/BC_1,210,130.0873,5.421,5.418194507186,4.693371768951416,6.281641479492188,11264704.0,6749168.293,1.0,506
/home/zzy/testQuanFormer/QuanFormer/resources/example/profile_output/BC_1,211,327.23285,0.969,0.961306356017,0.6839758580684662,1.4348791561126708,13460237.0,2072791.74,1.0,88
/home/zzy/testQuanFormer/QuanFormer/resources/example/profile_output/BC_1,212,265.14787,0.987,0.961306356017,0.7269907939434052,1.1949880412101748,4448714.5,324352.318,1.0,59
/home/zzy/testQuanFormer/QuanFormer/resources/example/profile_output/BC_1,213,147.02991,11.111,11.092544673506,10.313927827835084,11.627485786437989,167702.969,80727.926,1.0,476
/home/zzy/testQuanFormer/QuanFormer/resources/example/profile_output/BC_1,214,255.23284,1.04,1.032041758919,0.7280796432495118,1.5194284820556643,88818032.0,15305213.471,1.0,103
/home/zzy/testQuanFormer/QuanFormer/resources/example/profile_output/BC_1,215,87.0451,2.218,2.236873375003,1.5262640647888182,2.8602821044921876,1631744.125,617769.877,1.0,365
/home/zzy/testQuanFormer/QuanFormer/resources/example/profile_output/BC_1,216,89.02424,4.783,4.805827441438,3.9175573902130134,5.32055989074707,123165792.0,66345637.144,1.0,449
/home/zzy/testQuanFormer/QuanFormer/resources/example/profile_output/BC_1,217,199.17038,1.084,1.08219400905,0.802778705596924,1.419374069213867,12044859.0,1433905.026,1.0,67
/home/zzy/testQuanFormer/QuanFormer/resources/example/profile_output/BC_1,218,146.04594,9.935,9.952765141551,9.121147975921632,10.431289062500001,871720.312,337896.17,1.0,426
/home/zzy/testQuanFormer/QuanFormer/resources/example/profile_output/BC_1,219,279.2328,1.012,1.032041758919,0.696026050567627,1.4925742263793946,164299088.0,27134971.035,1.0,108
/home/zzy/testQuanFormer/QuanFormer/resources/example/profile_output/BC_1,220,135.02987,8.534,8.510033574327,7.7929041233062755,8.977890571594239,7376971.0,2608437.599,1.0,349
/home/zzy/testQuanFormer/QuanFormer/resources/example/profile_output/BC_1,221,115.04005,1.603,1.602271356805,1.2930644302368162,2.4361024169921874,1370631.875,544626.593,1.0,255
/home/zzy/testQuanFormer/QuanFormer/resources/example/profile_output/BC_1,222,227.20164,1.066,1.042039122804,0.7429990921020508,1.414600006103516,7682700.0,1028341.684,1.0,86
/home/zzy/testQuanFormer/QuanFormer/resources/example/profile_output/BC_1,223,485.28228,0.923,0.900788075352,0.6656638127803802,1.1709766379356383,2247482.75,236008.034,1.0,50
/home/zzy/testQuanFormer/QuanFormer/resources/example/profile_output/BC_1,224,116.03527,5.411,5.146182889366,4.57592223739624,5.250506721496581,366727.281,120376.475,0.9980000257492065,207
/home/zzy/testQuanFormer/QuanFormer/resources/example/profile_output/BC_1,224,116.03527,5.411,5.462612258021,5.328528915405273,5.783911834716797,518021.531,97661.223,0.996999979019165,147
/home/zzy/testQuanFormer/QuanFormer/resources/example/profile_output/BC_1,225,157.12345,1.162,1.16278852485,0.9308566207885742,1.4597630615234376,3061147.25,263797.618,1.0,42
/home/zzy/testQuanFormer/QuanFormer/resources/example/profile_output/BC_1,226,263.10352,2.529,1.884177774811,1.4907554187774656,2.1268915214538575,319403.344,92114.056,0.9990000128746033,144
/home/zzy/testQuanFormer/QuanFormer/resources/example/profile_output/BC_1,226,263.10352,2.529,2.459608140214,2.1672214546203614,2.8005956687927247,376283.281,117870.227,0.996999979019165,191
/home/zzy/testQuanFormer/QuanFormer/resources/example/profile_output/BC_1,227,281.24834,0.982,1.032041758919,0.687276309299469,1.5122637544631958,134938944.0,25793741.687,1.0,114
/home/zzy/testQuanFormer/QuanFormer/resources/example/profile_output/BC_1,228,277.21721,1.026,1.032041758919,0.722741771697998,1.4593967208862306,14533460.0,2166164.442,1.0,85
/home/zzy/testQuanFormer/QuanFormer/resources/example/profile_output/BC_1,229,253.21724,1.033,1.032041758919,0.7316262321472167,1.4627254562377932,22318976.0,3312863.651,1.0,95
/home/zzy/testQuanFormer/QuanFormer/resources/example/profile_output/BC_1,230,498.92989,0.921,0.900788075352,0.6822326775074005,1.250538067817688,3084068.0,278972.669,1.0,58
/home/zzy/testQuanFormer/QuanFormer/resources/example/profile_output/BC_1,231,243.06221,6.171,6.193094792589,5.364824338912964,6.691620155334473,1053117.375,461172.206,1.0,414
/home/zzy/testQuanFormer/QuanFormer/resources/example/profile_output/BC_1,232,283.26419,0.989,0.971409275754,0.6938414287090301,1.570663474845886,20454992.0,4343287.539,1.0,117
/home/zzy/testQuanFormer/QuanFormer/resources/example/profile_output/BC_1,233,367.15824,1.001,0.991616207981,0.7238173255920408,1.35683324432373,10454265.0,1451375.696,1.0,73
/home/zzy/testQuanFormer/QuanFormer/resources/example/profile_output/BC_1,234,179.05748,1.528,1.504350609207,1.2788005142211913,1.9964381484985352,824631.625,77255.278,1.0,77
/home/zzy/testQuanFormer/QuanFormer/resources/example/profile_output/BC_1,235,101.06077,1.551,1.54469170831,1.2295167694091798,2.3278247604370117,1772124.375,399774.284,1.0,215
/home/zzy/testQuanFormer/QuanFormer/resources/example/profile_output/BC_1,236,407.28005,1.531,1.514436406517,1.2977700767517089,1.748144584655762,6376394.0,501865.324,1.0,65
/home/zzy/testQuanFormer/QuanFormer/resources/example/profile_output/BC_2,1,103.04007,2.99,3.00127517643,2.2276864910125735,3.5166166687011717,16490673.0,5861289.614,1.0,395
/home/zzy/testQuanFormer/QuanFormer/resources/example/profile_output/BC_2,2,147.0299,10.45,11.090525808557,10.239683055877684,11.37775764465332,219501.766,101402.404,1.0,410
/home/zzy/testQuanFormer/QuanFormer/resources/example/profile_output/BC_2,3,145.05063,9.65,0.0,0.0,0.0,0.0,0.0,0.0,0
/home/zzy/testQuanFormer/QuanFormer/resources/example/profile_output/BC_2,4,161.04555,9.84,0.0,0.0,0.0,0.0,0.0,0.0,0
/home/zzy/testQuanFormer/QuanFormer/resources/example/profile_output/BC_2,5,184.98566,12.03,0.0,0.0,0.0,0.0,0.0,0.0,0
/home/zzy/testQuanFormer/QuanFormer/resources/example/profile_output/BC_2,6,182.04588,1.46,1.430609777196,1.1581433868408202,1.6525919532775877,171569.625,19771.888,1.0,16
/home/zzy/testQuanFormer/QuanFormer/resources/example/profile_output/BC_2,7,130.05097,8.36,8.565070444965,8.31016393661499,8.825093421936035,454422.312,125725.821,0.9980000257492065,134
/home/zzy/testQuanFormer/QuanFormer/resources/example/profile_output/BC_2,7,130.05097,8.36,8.887660958989,8.711718711853027,9.206388816833496,401974.156,91066.757,0.9950000047683716,147
/home/zzy/testQuanFormer/QuanFormer/resources/example/profile_output/BC_2,8,116.03532,5.45,5.410030025864,5.088217639923096,5.878861045837402,824615.562,238784.766,1.0,251
/home/zzy/testQuanFormer/QuanFormer/resources/example/profile_output/BC_2,9,145.05063,9.59,0.0,0.0,0.0,0.0,0.0,0.0,0
/home/zzy/testQuanFormer/QuanFormer/resources/example/profile_output/BC_2,10,160.06153,9.75,8.911335427189,8.712530255317688,9.334641647338866,132002.312,33995.276,0.9990000128746033,181
/home/zzy/testQuanFormer/QuanFormer/resources/example/profile_output/BC_2,11,201.1357,12.32,12.075996775055,11.45449993133545,12.681139488220214,30736.654,11655.286,1.0,349
/home/zzy/testQuanFormer/QuanFormer/resources/example/profile_output/BC_2,12,88.0404,9.06,8.61969015859,8.244082651138307,9.192633686065674,4214987.0,872270.155,1.0,263
/home/zzy/testQuanFormer/QuanFormer/resources/example/profile_output/BC_2,13,448.30685,1.46,1.400648711745,1.0813071823120115,1.7493972396850586,805160.812,125066.264,1.0,73
/home/zzy/testQuanFormer/QuanFormer/resources/example/profile_output/BC_2,14,465.3044,1.0,0.895174728457,0.6991985321044922,1.0719947814941406,70576.695,2929.636,0.9940000176429749,20
/home/zzy/testQuanFormer/QuanFormer/resources/example/profile_output/BC_2,14,465.3044,1.0,1.521806759262,1.4130996704101562,1.7724376678466798,166797.422,9931.047,0.9990000128746033,13
/home/zzy/testQuanFormer/QuanFormer/resources/example/profile_output/BC_2,15,407.2803,1.56,1.0676223622,0.7922634220123292,1.2042575454711915,1052010.5,137966.581,0.9980000257492065,27
/home/zzy/testQuanFormer/QuanFormer/resources/example/profile_output/BC_2,15,407.2803,1.56,1.511747875436,1.3327089881896974,1.7589532470703126,2728620.5,215723.73,1.0,66
/home/zzy/testQuanFormer/QuanFormer/resources/example/profile_output/BC_2,16,173.00916,12.1,12.725838592275,12.254812622070313,12.917738342285157,33817.719,6914.194,1.0,205
/home/zzy/testQuanFormer/QuanFormer/resources/example/profile_output/BC_2,17,147.0299,10.22,11.090525808557,10.195335216522217,11.263250846862793,219501.766,98389.219,1.0,382
/home/zzy/testQuanFormer/QuanFormer/resources/example/profile_output/BC_2,18,191.01973,12.41,12.456586892033,12.080712471008301,12.543265495300293,85578.461,14280.904,0.9959999918937683,161
/home/zzy/testQuanFormer/QuanFormer/resources/example/profile_output/BC_2,18,191.01973,12.41,12.725838592275,12.566182098388673,12.960639724731445,176594.844,17812.331,0.9990000128746033,140
/home/zzy/testQuanFormer/QuanFormer/resources/example/profile_output/BC_2,19,174.08841,9.87,9.559285659218,8.95655626773834,10.122772235870361,1019497.75,355887.906,1.0,361
/home/zzy/testQuanFormer/QuanFormer/resources/example/profile_output/BC_2,20,130.0622,8.39,8.529393925889,7.783275022506714,8.8005863571167,610195.188,157094.457,1.0,215
/home/zzy/testQuanFormer/QuanFormer/resources/example/profile_output/BC_2,21,112.05164,3.31,3.325413058821,3.0700366592407224,3.8150563812255864,2473992.75,590154.519,0.9990000128746033,222
/home/zzy/testQuanFormer/QuanFormer/resources/example/profile_output/BC_2,22,227.06735,2.5,2.272843009853,1.8523465156555177,2.6749399185180662,34106.531,9480.155,1.0,146
/home/zzy/testQuanFormer/QuanFormer/resources/example/profile_output/BC_2,23,179.05611,7.4,7.688817761962,7.1000895500183105,8.457636451721193,3137023.75,2477403.487,0.9959999918937683,396
/home/zzy/testQuanFormer/QuanFormer/resources/example/profile_output/BC_2,24,193.03538,9.94,10.524757042154,9.924724140167235,10.926652946472167,162941.766,56576.111,1.0,352
/home/zzy/testQuanFormer/QuanFormer/resources/example/profile_output/BC_2,25,89.02442,4.75,4.78033575875,3.911495113372803,5.295159149169922,117009528.0,64644257.981,1.0,425
/home/zzy/testQuanFormer/QuanFormer/resources/example/profile_output/BC_2,26,146.04588,9.33,9.963083444659,9.07981746673584,10.303501205444336,1518782.625,543567.238,1.0,384
/home/zzy/testQuanFormer/QuanFormer/resources/example/profile_output/BC_2,27,259.02244,10.77,11.580009709422,11.260565872192382,11.638713569641112,1701.917,48.849,0.9919999837875366,3
/home/zzy/testQuanFormer/QuanFormer/resources/example/profile_output/BC_2,28,115.00368,10.75,11.621805809561,11.013351726531983,11.792580032348633,139069.844,44047.052,1.0,276
/home/zzy/testQuanFormer/QuanFormer/resources/example/profile_output/BC_2,29,181.07176,7.72,7.496501945082,6.905023021697998,8.088542098999023,153082.141,65431.573,1.0,298
/home/zzy/testQuanFormer/QuanFormer/resources/example/profile_output/BC_2,30,131.03498,10.16,10.711465027555,10.483500061035157,11.113849411010742,60637.086,23347.305,0.9990000128746033,231
/home/zzy/testQuanFormer/QuanFormer/resources/example/profile_output/BC_2,31,105.01933,7.19,6.823704976463,6.307556285858155,7.3221118354797365,559484.188,226752.489,1.0,324
/home/zzy/testQuanFormer/QuanFormer/resources/example/profile_output/BC_2,32,171.0064,10.16,10.77973459425,10.27652717590332,11.061460075378418,10984.512,2955.132,0.9990000128746033,159
/home/zzy/testQuanFormer/QuanFormer/resources/example/profile_output/BC_2,33,256.09555,8.38,7.523697295411,7.373414545059205,7.791838293075562,99639.578,12156.531,0.9980000257492065,94
/home/zzy/testQuanFormer/QuanFormer/resources/example/profile_output/BC_2,34,74.02475,9.18,9.302632092063,8.829297332763671,9.84272201538086,2494883.5,789713.543,1.0,305
/home/zzy/testQuanFormer/QuanFormer/resources/example/profile_output/BC_2,35,174.05203,10.18,10.375778959815,10.108736877441405,10.653016738891601,14400.328,2421.91,1.0,92
/home/zzy/testQuanFormer/QuanFormer/resources/example/profile_output/BC_2,36,116.04655,9.13,9.199771025403,8.977679328918457,9.50746982574463,17033.787,1679.826,0.9990000128746033,38
/home/zzy/testQuanFormer/QuanFormer/resources/example/profile_output/BC_2,37,282.08439,6.98,6.968651825809,6.433510141372681,7.3180329132080075,45299.93,12380.274,1.0,145
/home/zzy/testQuanFormer/QuanFormer/resources/example/profile_output/BC_2,38,178.05097,2.18,2.073346478367,1.675492458343506,2.5206000137329103,1452013.625,477870.95,1.0,238
/home/zzy/testQuanFormer/QuanFormer/resources/example/profile_output/BC_2,39,131.07137,1.56,1.531882527097,1.3216311073303224,2.0416904067993165,865643.375,102158.968,1.0,130
/home/zzy/testQuanFormer/QuanFormer/resources/example/profile_output/BC_2,40,181.05063,4.57,4.81936486028,4.306257362365723,5.1171378326416015,1090013.0,200637.145,1.0,247
/home/zzy/testQuanFormer/QuanFormer/resources/example/profile_output/BC_2,41,108.01247,8.68,8.7407778766,8.503481559753418,8.99968002319336,30403.963,4318.167,1.0,68
/home/zzy/testQuanFormer/QuanFormer/resources/example/profile_output/BC_2,42,135.03123,3.79,3.829821191851,3.1871168994903565,4.393459739685058,1962160.125,728336.244,1.0,365
/home/zzy/testQuanFormer/QuanFormer/resources/example/profile_output/BC_2,43,186.05605,1.36,2.422738828882,2.144136962890625,2.4369056320190428,10730.227,550.215,0.9929999709129333,13
/home/zzy/testQuanFormer/QuanFormer/resources/example/profile_output/BC_2,44,212.0023,2.78,2.879753059769,2.213809757232666,3.3071142959594724,5386966.0,1307813.958,1.0,339
/home/zzy/testQuanFormer/QuanFormer/resources/example/profile_output/BC_2,45,267.07349,5.22,5.18706724507,4.884014530181885,5.761621017456054,1088668.375,269078.558,1.0,270
/home/zzy/testQuanFormer/QuanFormer/resources/example/profile_output/BC_2,46,191.01973,13.01,12.456586892033,12.124286708831788,12.640999374389649,85578.461,17896.857,0.9950000047683716,179
/home/zzy/testQuanFormer/QuanFormer/resources/example/profile_output/BC_2,46,191.01973,13.01,13.635358443483,12.957129726409912,13.825852165222168,181068.703,62212.01,1.0,320
/home/zzy/testQuanFormer/QuanFormer/resources/example/profile_output/BC_2,47,88.0404,8.51,8.61969015859,8.140818462371826,9.101016578674317,4214987.0,889417.934,1.0,265
/home/zzy/testQuanFormer/QuanFormer/resources/example/profile_output/BC_2,48,173.1044,14.7,14.127676326656,13.758947730064392,15.041350364685059,491010.0,237360.027,1.0,471
/home/zzy/testQuanFormer/QuanFormer/resources/example/profile_output/BC_2,49,131.04622,9.18,9.257925560697,8.642433099746704,9.71790111541748,1053038.0,266799.88,1.0,316
/home/zzy/testQuanFormer/QuanFormer/resources/example/profile_output/BC_2,50,132.03023,9.66,10.151987944667,9.471123847961426,10.609680519104003,527363.5,159480.742,1.0,377
/home/zzy/testQuanFormer/QuanFormer/resources/example/profile_output/BC_2,51,221.06015,10.58,10.68586542867,10.409459095001221,11.077172164916993,5326.101,955.087,0.9980000257492065,28
/home/zzy/testQuanFormer/QuanFormer/resources/example/profile_output/BC_2,52,239.01657,10.05,10.335127225145,9.680477714538576,10.861516571044923,1836187.875,505096.742,1.0,409
/home/zzy/testQuanFormer/QuanFormer/resources/example/profile_output/BC_2,53,154.0622,8.67,8.82102509203,8.144635982513428,9.622963256835938,1523621.875,745185.76,1.0,407
/home/zzy/testQuanFormer/QuanFormer/resources/example/profile_output/BC_2,54,118.05097,8.81,8.569804778322,8.09225498199463,9.139169654846192,1740148.0,392700.434,1.0,290
/home/zzy/testQuanFormer/QuanFormer/resources/example/profile_output/BC_2,55,130.08735,5.59,5.372988127295,4.787539615631103,6.233716049194336,11834206.0,7280908.079,1.0,453
/home/zzy/testQuanFormer/QuanFormer/resources/example/profile_output/BC_2,56,207.07752,5.99,5.823153593763,5.211442747116089,6.359063568115235,99454.906,37494.213,1.0,307
/home/zzy/testQuanFormer/QuanFormer/resources/example/profile_output/BC_2,57,130.08735,5.82,5.372988127295,4.831058068275452,6.307313842773437,11834206.0,7233350.69,1.0,466
/home/zzy/testQuanFormer/QuanFormer/resources/example/profile_output/BC_2,58,145.09825,14.39,13.798078277334,13.42864631652832,14.691726913452149,660276.625,312525.343,1.0,462
/home/zzy/testQuanFormer/QuanFormer/resources/example/profile_output/BC_2,59,164.0717,5.08,5.050206727409,4.767988376617431,5.69138687133789,10369701.0,3099571.724,1.0,282
/home/zzy/testQuanFormer/QuanFormer/resources/example/profile_output/BC_2,60,114.05605,6.78,6.761131094519,5.977340917587281,7.259327774047852,5743604.0,2189973.814,1.0,411
/home/zzy/testQuanFormer/QuanFormer/resources/example/profile_output/BC_2,61,104.03532,9.38,9.429991561794,8.752297906875611,9.954580764770508,2453116.0,708807.077,1.0,363
/home/zzy/testQuanFormer/QuanFormer/resources/example/profile_output/BC_2,62,118.05097,8.51,8.569804778322,8.007997665405274,9.10299964904785,1740148.0,396901.324,1.0,303
/home/zzy/testQuanFormer/QuanFormer/resources/example/profile_output/BC_2,63,203.0826,6.47,6.404241111501,5.64939167022705,7.032271118164061,17747816.0,6738698.131,1.0,448
/home/zzy/testQuanFormer/QuanFormer/resources/example/profile_output/BC_2,64,180.06662,7.62,7.625332377974,6.789199323654175,8.159799308776856,2150260.75,1003682.377,1.0,365
/home/zzy/testQuanFormer/QuanFormer/resources/example/profile_output/BC_2,65,116.0717,6.81,6.823704976463,5.991809902191162,7.330670127868652,12234104.0,4912248.108,1.0,429
/home/zzy/testQuanFormer/QuanFormer/resources/example/profile_output/BC_2,66,133.01425,10.87,11.591830311839,10.807048530578612,11.895152206420898,519009.094,167531.246,1.0,389
/home/zzy/testQuanFormer/QuanFormer/resources/example/profile_output/BC_2,67,179.05611,10.0,10.001369677607,9.530577850341796,10.501239204406739,601636.375,218628.481,1.0,322
/home/zzy/testQuanFormer/QuanFormer/resources/example/profile_output/BC_2,68,173.09317,9.96,0.0,0.0,0.0,0.0,0.0,0.0,0
/home/zzy/testQuanFormer/QuanFormer/resources/example/profile_output/BC_2,69,187.10882,8.77,8.578336110338,8.523183269500732,8.788928623199462,36638.168,673.905,0.996999979019165,2
/home/zzy/testQuanFormer/QuanFormer/resources/example/profile_output/BC_2,70,173.05678,7.11,7.093678159142,6.746962985992432,7.4389573669433595,221306.109,74773.168,0.9990000128746033,216
/home/zzy/testQuanFormer/QuanFormer/resources/example/profile_output/BC_2,70,173.05678,7.11,7.823101010545,7.580999336242677,8.09653907775879,208592.562,49905.019,0.9950000047683716,113
/home/zzy/testQuanFormer/QuanFormer/resources/example/profile_output/BC_2,71,130.05097,3.65,3.685607459768,3.1120554447174076,4.173222923278809,335655.375,160475.354,0.9990000128746033,320
/home/zzy/testQuanFormer/QuanFormer/resources/example/profile_output/BC_2,72,174.0408,10.21,10.716186828041,9.984612903594972,11.16359687805176,196688.516,63172.042,1.0,400
/home/zzy/testQuanFormer/QuanFormer/resources/example/profile_output/BC_2,73,188.05645,10.09,10.434901128833,9.707171669006348,10.908467140197754,93203.938,35444.112,1.0,408
/home/zzy/testQuanFormer/QuanFormer/resources/example/profile_output/BC_2,74,146.04588,5.68,5.370614892864,5.010193042755127,5.7293472099304195,123706.797,47428.716,0.9919999837875366,221
/home/zzy/testQuanFormer/QuanFormer/resources/example/profile_output/BC_2,74,146.04588,5.68,5.99154694341,5.822203617095947,6.378026275634765,233947.922,51647.522,0.996999979019165,184
/home/zzy/testQuanFormer/QuanFormer/resources/example/profile_output/BC_2,75,176.03869,1.83,2.300703611596,1.7266480255126955,2.850340347290039,84099.547,32542.277,1.0,243
/home/zzy/testQuanFormer/QuanFormer/resources/example/profile_output/BC_2,76,121.04074,1.79,0.0,0.0,0.0,0.0,0.0,0.0,0
/home/zzy/testQuanFormer/QuanFormer/resources/example/profile_output/BC_2,77,146.04588,6.52,5.99154694341,5.663270063400268,6.224828453063965,233947.922,56525.814,0.9980000257492065,184
/home/zzy/testQuanFormer/QuanFormer/resources/example/profile_output/BC_2,77,146.04588,6.52,6.711617627366,6.373701782226562,7.147188301086425,464354.844,112863.275,1.0,246
/home/zzy/testQuanFormer/QuanFormer/resources/example/profile_output/BC_2,78,140.01182,10.16,10.754979342842,10.639363059997558,10.985267601013184,2657.002,19.785,0.9990000128746033,1
/home/zzy/testQuanFormer/QuanFormer/resources/example/profile_output/BC_2,79,288.12011,8.98,9.049364776039,9.00692518234253,9.209817008972168,6260.473,14.856,0.996999979019165,1
/home/zzy/testQuanFormer/QuanFormer/resources/example/profile_output/BC_2,80,155.00983,5.06,5.47248600982,4.983657894134521,5.880436286926269,34170.668,8691.403,1.0,143
/home/zzy/testQuanFormer/QuanFormer/resources/example/profile_output/BC_2,81,145.01425,10.52,11.375338843091,10.558236331939696,11.548697776794434,278292.219,78060.072,1.0,345
/home/zzy/testQuanFormer/QuanFormer/resources/example/profile_output/BC_2,82,218.1034,3.84,3.685607459768,3.189466943740845,4.281376876831055,344638.875,130325.427,0.9990000128746033,329
/home/zzy/testQuanFormer/QuanFormer/resources/example/profile_output/BC_2,83,120.08187,8.69,0.0,0.0,0.0,0.0,0.0,0.0,0
/home/zzy/testQuanFormer/QuanFormer/resources/example/profile_output/BC_2,84,128.03532,5.52,5.823153593763,4.956736488342285,6.190973968505859,3765619.0,1946984.646,1.0,390
/home/zzy/testQuanFormer/QuanFormer/resources/example/profile_output/BC_2,85,176.93595,10.42,0.0,0.0,0.0,0.0,0.0,0.0,0
/home/zzy/testQuanFormer/QuanFormer/resources/example/profile_output/BC_2,86,87.00877,3.25,3.356409492715,3.0314139366149906,3.9334943771362303,3468960.5,941635.068,1.0,269
/home/zzy/testQuanFormer/QuanFormer/resources/example/profile_output/BC_2,87,375.13101,2.83,2.477159542465,2.3808180618286134,2.6943588066101074,4026.869,36.932,0.996999979019165,1
/home/zzy/testQuanFormer/QuanFormer/resources/example/profile_output/BC_2,88,383.11431,8.4,8.578336110338,8.474178409576416,8.855427551269532,4202.917,282.085,0.9990000128746033,7
/home/zzy/testQuanFormer/QuanFormer/resources/example/profile_output/BC_2,89,88.0404,7.89,8.61969015859,8.032853927612305,8.845135345458985,4214987.0,842208.686,1.0,219
/home/zzy/testQuanFormer/QuanFormer/resources/example/profile_output/BC_2,90,201.11323,5.08,6.037552728875,5.1849564361572265,6.105997734069824,702789.375,183155.445,1.0,298
/home/zzy/testQuanFormer/QuanFormer/resources/example/profile_output/BC_2,91,117.01933,10.2,11.090525808557,10.206088542938232,11.207797622680664,532347.562,178807.506,1.0,358
/home/zzy/testQuanFormer/QuanFormer/resources/example/profile_output/BC_2,92,149.00916,11.47,0.0,0.0,0.0,0.0,0.0,0.0,0
/home/zzy/testQuanFormer/QuanFormer/resources/example/profile_output/BC_2,93,124.00739,8.48,8.802029711628,8.133248023986816,9.193685035705567,4060093.25,1191277.802,1.0,294
/home/zzy/testQuanFormer/QuanFormer/resources/example/profile_output/BC_2,94,175.03604,11.08,0.0,0.0,0.0,0.0,0.0,0.0,0
/home/zzy/testQuanFormer/QuanFormer/resources/example/profile_output/BC_2,95,167.02106,8.15,8.448680526638,7.671771144866943,8.90270175933838,48851328.0,17108661.89,1.0,339
/home/zzy/testQuanFormer/QuanFormer/resources/example/profile_output/BC_2,96,243.06226,3.71,3.685607459768,3.0246541118621826,4.161056671142578,3974020.75,1279177.091,1.0,343
/home/zzy/testQuanFormer/QuanFormer/resources/example/profile_output/BC_2,97,137.03565,6.86,6.595454445108,6.4332549667358405,7.315994033813476,19740.98,7462.258,0.996999979019165,94
/home/zzy/testQuanFormer/QuanFormer/resources/example/profile_output/BC_2,98,151.02615,5.05,5.326521677399,4.518760824203491,6.037249755859374,944963.125,490079.128,1.0,473
/home/zzy/testQuanFormer/QuanFormer/resources/example/profile_output/BC_2,99,151.04007,2.11,1.552062343184,1.4011921024322507,1.8478503799438473,158752.609,20465.926,0.9959999918937683,75
/home/zzy/testQuanFormer/QuanFormer/resources/example/profile_output/BC_2,100,149.02779,1.99,2.073346478367,1.6974351310729983,2.3751699829101565,46065.754,8946.956,1.0,139
/home/zzy/testQuanFormer/QuanFormer/resources/example/profile_output/BC_2,101,181.05063,3.81,4.81936486028,3.9644216156005863,4.831925354003906,1090013.0,127745.411,0.9990000128746033,271
/home/zzy/testQuanFormer/QuanFormer/resources/example/profile_output/BC_2,102,131.04622,7.81,0.0,0.0,0.0,0.0,0.0,0.0,0
/home/zzy/testQuanFormer/QuanFormer/resources/example/profile_output/BC_2,103,187.13397,1.43,1.13832727534,0.8297263431549071,1.6966455268859866,1480199.625,240959.816,1.0,82
/home/zzy/testQuanFormer/QuanFormer/resources/example/profile_output/BC_2,104,151.04007,10.25,0.0,0.0,0.0,0.0,0.0,0.0,0
/home/zzy/testQuanFormer/QuanFormer/resources/example/profile_output/BC_2,105,175.08769,3.84,0.0,0.0,0.0,0.0,0.0,0.0,0
/home/zzy/testQuanFormer/QuanFormer/resources/example/profile_output/BC_2,106,183.06628,2.32,1.521806759262,1.3723013591766358,1.7165452194213864,79631.039,4656.446,0.9929999709129333,14
/home/zzy/testQuanFormer/QuanFormer/resources/example/profile_output/BC_2,107,110.02475,4.51,3.685607459768,3.4633069372177125,4.061338005065918,86102.609,16597.561,0.9959999918937683,119
/home/zzy/testQuanFormer/QuanFormer/resources/example/profile_output/BC_2,108,136.0404,1.56,1.219073612118,1.0611240959167478,1.4733182525634767,102097.758,8379.582,0.9990000128746033,8
/home/zzy/testQuanFormer/QuanFormer/resources/example/profile_output/BC_2,109,164.03869,8.14,8.308325960859,7.932031288146973,8.487473335266113,54898.832,4393.009,1.0,5
/home/zzy/testQuanFormer/QuanFormer/resources/example/profile_output/BC_2,110,117.01933,8.58,8.437791878605,8.00703685760498,8.950464324951172,245400.766,61940.349,1.0,219
/home/zzy/testQuanFormer/QuanFormer/resources/example/profile_output/BC_2,111,217.09825,1.88,1.531882527097,1.4398267555236814,1.7284177589416503,30128.086,373.686,0.9990000128746033,1
/home/zzy/testQuanFormer/QuanFormer/resources/example/profile_output/BC_2,112,219.09865,6.92,7.403283026441,7.210752220153809,7.559544677734374,20872.975,706.478,0.9980000257492065,3
/home/zzy/testQuanFormer/QuanFormer/resources/example/profile_output/BC_2,113,129.01933,2.49,1.664105425898,1.6631696605682373,2.2388325119018555,283748.438,73038.951,0.9929999709129333,158
/home/zzy/testQuanFormer/QuanFormer/resources/example/profile_output/BC_2,113,129.01933,2.49,1.636407675966,1.4454692268371585,1.7737432861328126,321058.156,47196.965,0.9940000176429749,54
/home/zzy/testQuanFormer/QuanFormer/resources/example/profile_output/BC_2,114,102.05605,8.95,9.963083444659,9.398055076599121,10.00013370513916,119279.133,32491.387,0.9990000128746033,190
/home/zzy/testQuanFormer/QuanFormer/resources/example/profile_output/BC_2,115,115.04007,1.62,1.685555110995,1.2657036972045899,2.4726496887207032,2515686.25,964777.417,1.0,267
/home/zzy/testQuanFormer/QuanFormer/resources/example/profile_output/BC_2,116,121.0295,2.117,2.165710360432,1.4708586139678954,2.6948093338012695,890665.688,377816.416,1.0,319
/home/zzy/testQuanFormer/QuanFormer/resources/example/profile_output/BC_2,117,102.05605,6.32,6.181396292273,5.669136829376221,6.604806728363037,83229.164,34707.163,0.996999979019165,310
/home/zzy/testQuanFormer/QuanFormer/resources/example/profile_output/BC_2,118,195.05103,9.08,9.302632092063,8.792477588653565,9.903720359802247,1080581.5,540096.811,1.0,335
/home/zzy/testQuanFormer/QuanFormer/resources/example/profile_output/BC_2,119,464.30176,1.48,1.511747875436,1.3530691909790038,1.759596710205078,459419.969,31926.724,1.0,36
/home/zzy/testQuanFormer/QuanFormer/resources/example/profile_output/BC_2,120,103.00368,10.06,0.0,0.0,0.0,0.0,0.0,0.0,0
/home/zzy/testQuanFormer/QuanFormer/resources/example/profile_output/BC_2,121,220.08266,6.0,0.0,0.0,0.0,0.0,0.0,0.0,0
/home/zzy/testQuanFormer/QuanFormer/resources/example/profile_output/BC_2,122,160.06153,8.26,8.569804778322,8.394099674224853,8.97370735168457,132182.234,45985.63,0.9990000128746033,132
/home/zzy/testQuanFormer/QuanFormer/resources/example/profile_output/BC_2,123,115.07645,10.74,0.0,0.0,0.0,0.0,0.0,0.0,0
/home/zzy/testQuanFormer/QuanFormer/resources/example/profile_output/BC_2,124,131.03498,4.72,5.18706724507,4.975620098114014,5.503899879455567,57554.594,12539.353,0.9940000176429749,157
/home/zzy/testQuanFormer/QuanFormer/resources/example/profile_output/BC_2,125,75.00877,3.0,3.348068494225,3.252472400665283,3.6965013504028317,54644.965,9168.26,0.9950000047683716,131
/home/zzy/testQuanFormer/QuanFormer/resources/example/profile_output/BC_2,126,151.04007,1.28,1.552062343184,1.5472366142272946,1.892607765197754,158752.609,16355.418,0.9929999709129333,81
/home/zzy/testQuanFormer/QuanFormer/resources/example/profile_output/BC_2,127,128.0717,9.35,8.573688493792,8.378288507461548,8.804026460647583,34635.441,3521.105,0.9909999966621399,23
/home/zzy/testQuanFormer/QuanFormer/resources/example/profile_output/BC_2,128,250.09456,4.09,0.0,0.0,0.0,0.0,0.0,0.0,0
/home/zzy/testQuanFormer/QuanFormer/resources/example/profile_output/BC_2,129,113.03565,1.99,0.0,0.0,0.0,0.0,0.0,0.0,0
/home/zzy/testQuanFormer/QuanFormer/resources/example/profile_output/BC_2,130,188.0717,1.27,2.300703611596,1.6254407119750978,2.3151221466064453,247841.625,43900.669,1.0,129
/home/zzy/testQuanFormer/QuanFormer/resources/example/profile_output/BC_2,131,102.01967,6.79,0.0,0.0,0.0,0.0,0.0,0.0,0
/home/zzy/testQuanFormer/QuanFormer/resources/example/profile_output/BC_2,132,146.04588,9.38,9.963083444659,9.088684062957764,10.318059234619142,1518782.625,543869.293,1.0,386
/home/zzy/testQuanFormer/QuanFormer/resources/example/profile_output/BC_2,133,182.08227,8.94,0.0,0.0,0.0,0.0,0.0,0.0,0
/home/zzy/testQuanFormer/QuanFormer/resources/example/profile_output/BC_2,134,218.06701,8.82,0.0,0.0,0.0,0.0,0.0,0.0,0
/home/zzy/testQuanFormer/QuanFormer/resources/example/profile_output/BC_2,135,130.9986,11.44,11.223433509096,11.1812184715271,11.431354274749756,1589.836,8.756,0.9980000257492065,1
/home/zzy/testQuanFormer/QuanFormer/resources/example/profile_output/BC_2,136,159.0299,10.36,0.0,0.0,0.0,0.0,0.0,0.0,0
/home/zzy/testQuanFormer/QuanFormer/resources/example/profile_output/BC_2,137,178.08735,11.17,0.0,0.0,0.0,0.0,0.0,0.0,0
/home/zzy/testQuanFormer/QuanFormer/resources/example/profile_output/BC_2,138,175.0612,8.77,8.343245043977,8.257006616592406,8.50076810836792,18905.139,80.852,0.9940000176429749,1
/home/zzy/testQuanFormer/QuanFormer/resources/example/profile_output/BC_2,139,193.03538,9.02,8.474337826792,8.251182527542113,8.827703304290772,112661.453,19205.007,0.9990000128746033,70
/home/zzy/testQuanFormer/QuanFormer/resources/example/profile_output/BC_2,140,153.01933,3.01,0.0,0.0,0.0,0.0,0.0,0.0,0
/home/zzy/testQuanFormer/QuanFormer/resources/example/profile_output/BC_2,141,169.05063,3.77,3.363520978514,3.2532561492919925,3.790597553253174,29860.91,6848.418,0.9940000176429749,135
/home/zzy/testQuanFormer/QuanFormer/resources/example/profile_output/BC_2,142,146.06114,3.58,4.012383543078,3.4341379928588864,4.247704391479492,16496.096,4259.449,0.996999979019165,29
/home/zzy/testQuanFormer/QuanFormer/resources/example/profile_output/BC_2,143,149.0608,1.52,1.501689110819,1.2604050827026367,1.7260235023498538,1045351.125,58302.491,1.0,55
/home/zzy/testQuanFormer/QuanFormer/resources/example/profile_output/BC_2,144,119.01722,2.36,2.442184828345,2.252120552062988,2.6938630676269533,7120.097,469.55,0.9990000128746033,4
/home/zzy/testQuanFormer/QuanFormer/resources/example/profile_output/BC_2,145,225.05169,7.89,7.71916727883,7.259185352325439,7.94342092514038,54501.914,12055.611,0.9990000128746033,51
/home/zzy/testQuanFormer/QuanFormer/resources/example/profile_output/BC_2,146,121.0295,9.41,0.0,0.0,0.0,0.0,0.0,0.0,0
/home/zzy/testQuanFormer/QuanFormer/resources/example/profile_output/BC_2,147,137.02442,3.01,0.0,0.0,0.0,0.0,0.0,0.0,0
/home/zzy/testQuanFormer/QuanFormer/resources/example/profile_output/BC_2,148,163.04007,5.66,4.81936486028,4.71499951839447,5.208764705657959,135584.484,14147.278,0.9980000257492065,110
/home/zzy/testQuanFormer/QuanFormer/resources/example/profile_output/BC_2,149,166.05097,8.94,0.0,0.0,0.0,0.0,0.0,0.0,0
/home/zzy/testQuanFormer/QuanFormer/resources/example/profile_output/BC_2,150,179.03498,3.33,3.685607459768,3.3251265335083007,3.9891648101806645,24989.959,3619.552,0.9990000128746033,32
/home/zzy/testQuanFormer/QuanFormer/resources/example/profile_output/BC_2,151,257.00679,3.61,3.918829495335,3.616800842285156,4.191769371032715,22135.268,2931.647,1.0,23
/home/zzy/testQuanFormer/QuanFormer/resources/example/profile_output/BC_2,152,258.03843,10.65,10.542788794263,10.227916812896728,10.734624481201172,7670.113,721.764,1.0,18
/home/zzy/testQuanFormer/QuanFormer/resources/example/profile_output/BC_2,153,258.03843,10.65,10.542788794263,10.227916812896728,10.734624481201172,7670.113,721.764,1.0,18
/home/zzy/testQuanFormer/QuanFormer/resources/example/profile_output/BC_2,154,72.99312,8.0,0.0,0.0,0.0,0.0,0.0,0.0,0
/home/zzy/testQuanFormer/QuanFormer/resources/example/profile_output/BC_2,155,187.07243,9.4,9.399626778189,8.756057119369506,9.833671951293946,476459.656,137217.711,1.0,264
/home/zzy/testQuanFormer/QuanFormer/resources/example/profile_output/BC_2,156,172.09792,1.56,1.531882527097,1.3386262512207034,1.7966983413696287,64485.664,5673.932,1.0,28
/home/zzy/testQuanFormer/QuanFormer/resources/example/profile_output/BC_2,157,206.08227,1.53,1.461456178252,1.2385329055786132,1.8115385818481444,123553.992,16414.484,1.0,25
/home/zzy/testQuanFormer/QuanFormer/resources/example/profile_output/BC_2,158,122.02475,2.65,3.188871827348,3.046062469482422,3.464615058898926,18133.246,2020.115,0.9980000257492065,33
/home/zzy/testQuanFormer/QuanFormer/resources/example/profile_output/BC_2,159,166.01458,10.09,0.0,0.0,0.0,0.0,0.0,0.0,0
/home/zzy/testQuanFormer/QuanFormer/resources/example/profile_output/BC_2,160,503.16176,10.22,10.211051343505,9.91982147216797,10.483807106018068,4575.706,396.939,1.0,5
/home/zzy/testQuanFormer/QuanFormer/resources/example/profile_output/BC_2,161,151.04007,1.28,1.552062343184,1.5472366142272946,1.892607765197754,158752.609,16355.418,0.9929999709129333,81
/home/zzy/testQuanFormer/QuanFormer/resources/example/profile_output/BC_2,162,136.0404,1.5,1.219073612118,1.0639796257019043,1.4589057922363282,102097.758,8379.582,0.9990000128746033,8
/home/zzy/testQuanFormer/QuanFormer/resources/example/profile_output/BC_2,163,137.02442,2.31,1.511747875436,1.3532544231414794,1.9313245391845704,448789.75,44187.298,0.9990000128746033,107
/home/zzy/testQuanFormer/QuanFormer/resources/example/profile_output/BC_2,164,173.04555,9.13,0.0,0.0,0.0,0.0,0.0,0.0,0
/home/zzy/testQuanFormer/QuanFormer/resources/example/profile_output/BC_2,165,173.08193,8.59,8.343245043977,8.043336763381959,8.795907726287842,131860.328,41962.883,0.9980000257492065,124
/home/zzy/testQuanFormer/QuanFormer/resources/example/profile_output/BC_2,165,173.08193,8.59,9.350270194435,9.033219184875488,9.579138793945312,115135.234,29851.826,0.9950000047683716,162
/home/zzy/testQuanFormer/QuanFormer/resources/example/profile_output/BC_2,166,341.10894,8.81,8.970750127856,8.812069664001465,9.456892738342285,11907.086,2706.228,0.9940000176429749,15
/home/zzy/testQuanFormer/QuanFormer/resources/example/profile_output/BC_2,167,341.10894,8.81,8.970750127856,8.812069664001465,9.456892738342285,11907.086,2706.228,0.9940000176429749,15
/home/zzy/testQuanFormer/QuanFormer/resources/example/profile_output/BC_2,168,243.02753,10.56,10.75734735988,10.473595485687257,10.792564449310303,1756.753,10.873,0.9990000128746033,1
/home/zzy/testQuanFormer/QuanFormer/resources/example/profile_output/BC_2,169,129.05572,1.46,1.451393010839,1.039759883880615,1.838188705444336,20529552.0,3566895.815,1.0,109
/home/zzy/testQuanFormer/QuanFormer/resources/example/profile_output/BC_2,170,152.03532,8.94,8.474337826792,8.417116680145263,8.642151679992676,33772.805,80.057,0.9950000047683716,1
/home/zzy/testQuanFormer/QuanFormer/resources/example/profile_output/BC_2,171,210.07718,7.06,6.780502075577,6.4000416851043695,7.104782257080078,42301.66,10530.673,0.9990000128746033,146
/home/zzy/testQuanFormer/QuanFormer/resources/example/profile_output/BC_2,172,129.05572,5.09,0.0,0.0,0.0,0.0,0.0,0.0,0
/home/zzy/testQuanFormer/QuanFormer/resources/example/profile_output/BC_2,173,157.03671,7.1,7.073272111638,6.747382926940918,7.300645732879639,28771.812,7262.753,1.0,115
/home/zzy/testQuanFormer/QuanFormer/resources/example/profile_output/BC_2,174,395.18977,1.1,0.976942978923,0.7165785789489747,1.2544394493103028,691022.5,67896.241,1.0,40
/home/zzy/testQuanFormer/QuanFormer/resources/example/profile_output/BC_2,175,102.05605,8.95,9.963083444659,9.398055076599121,10.00013370513916,119279.133,32491.387,0.9990000128746033,190
/home/zzy/testQuanFormer/QuanFormer/resources/example/profile_output/BC_2,176,241.083,1.67,1.639597211901,1.503424377441406,1.929140396118164,8811.491,76.064,1.0,1
/home/zzy/testQuanFormer/QuanFormer/resources/example/profile_output/BC_2,177,131.0826,9.597,9.565199826781,8.850896141052246,10.065939971923827,1254269.25,407724.423,1.0,371
/home/zzy/testQuanFormer/QuanFormer/resources/example/profile_output/BC_2,178,179.05611,8.25,8.529393925889,8.309555149078369,8.951005935668945,2745659.5,673111.622,0.9980000257492065,169
/home/zzy/testQuanFormer/QuanFormer/resources/example/profile_output/BC_2,179,148.04377,6.53,6.327050545438,5.650861911773682,7.015125160217286,1188665.5,532633.127,1.0,442
/home/zzy/testQuanFormer/QuanFormer/resources/example/profile_output/BC_2,180,185.08189,1.54,1.531882527097,1.1876254463195801,1.945202293395996,2612841.0,332109.99,1.0,129
/home/zzy/testQuanFormer/QuanFormer/resources/example/profile_output/BC_2,181,163.06123,5.642,5.590608345095,4.803405801773072,6.171774284362794,405330.125,205194.371,1.0,420
/home/zzy/testQuanFormer/QuanFormer/resources/example/profile_output/BC_2,182,309.27996,0.97,0.997048344835,0.6859343423843384,1.465938431739807,1782495.5,284717.013,1.0,63
/home/zzy/testQuanFormer/QuanFormer/resources/example/profile_output/BC_2,183,307.26428,0.984,0.986979228878,0.6859359252929688,1.5152735290527344,2815071.25,478911.315,1.0,87
/home/zzy/testQuanFormer/QuanFormer/resources/example/profile_output/BC_2,184,271.22794,1.077,0.997048344835,0.7057022590637207,1.449014045715332,3167623.0,469937.91,1.0,84
/home/zzy/testQuanFormer/QuanFormer/resources/example/profile_output/BC_2,185,339.23281,1.005,0.997048344835,0.7021512794494629,1.4710350799560548,4796253.5,751852.836,1.0,90
/home/zzy/testQuanFormer/QuanFormer/resources/example/profile_output/BC_2,186,117.05567,2.138,2.165710360432,1.430383575439453,2.7960711364746094,4782430.5,2029292.05,1.0,346
/home/zzy/testQuanFormer/QuanFormer/resources/example/profile_output/BC_2,187,131.07138,1.537,1.531882527097,1.3058978195190427,2.0161658401489255,865643.375,100168.868,1.0,124
/home/zzy/testQuanFormer/QuanFormer/resources/example/profile_output/BC_2,188,145.01428,11.362,11.375338843091,10.630595457077026,11.853839790344239,278292.219,80355.987,1.0,438
/home/zzy/testQuanFormer/QuanFormer/resources/example/profile_output/BC_2,189,103.0399,3.024,2.902785375341,2.320073484420776,3.3652830352783205,16056619.0,5066103.814,1.0,325
/home/zzy/testQuanFormer/QuanFormer/resources/example/profile_output/BC_2,190,201.11327,6.707,6.037552728875,5.7654636926651,6.444848567962646,702789.375,183372.923,1.0,224
/home/zzy/testQuanFormer/QuanFormer/resources/example/profile_output/BC_2,190,201.11327,6.707,6.739715093994,6.58370316696167,7.359226829528808,427658.344,124583.478,0.9990000128746033,242
/home/zzy/testQuanFormer/QuanFormer/resources/example/profile_output/BC_2,191,201.11325,6.061,6.037552728875,5.487592016220093,6.436610542297363,702789.375,217150.301,1.0,311
/home/zzy/testQuanFormer/QuanFormer/resources/example/profile_output/BC_2,191,201.11325,6.061,6.739715093994,6.4624883041381835,7.0972749099731445,427658.344,130584.545,0.9990000128746033,199
/home/zzy/testQuanFormer/QuanFormer/resources/example/profile_output/BC_2,192,128.03531,5.853,5.823153593763,5.115302494049072,6.227957466125488,3765619.0,1925660.719,1.0,357
/home/zzy/testQuanFormer/QuanFormer/resources/example/profile_output/BC_2,192,128.03531,5.853,6.580300675456,6.1860358505249025,6.871027877807617,3304019.25,969366.807,0.9990000128746033,223
/home/zzy/testQuanFormer/QuanFormer/resources/example/profile_output/BC_2,193,127.05129,9.099,9.083466492716,8.431807922363282,9.52546827697754,1370530.25,385301.093,1.0,294
/home/zzy/testQuanFormer/QuanFormer/resources/example/profile_output/BC_2,194,116.07165,6.844,6.823704976463,6.0241834106445316,7.340451187133789,12234104.0,4902343.657,1.0,421
/home/zzy/testQuanFormer/QuanFormer/resources/example/profile_output/BC_2,195,305.2486,0.975,0.997048344835,0.6748620784282684,1.4796477007865907,2722810.5,464660.413,1.0,81
/home/zzy/testQuanFormer/QuanFormer/resources/example/profile_output/BC_2,196,303.23284,0.984,0.997048344835,0.7143627777099609,1.4277944580078126,25239246.0,3486200.504,1.0,89
/home/zzy/testQuanFormer/QuanFormer/resources/example/profile_output/BC_2,197,131.04621,9.278,9.257925560697,8.645332410812378,9.729736640930176,1053038.0,266833.504,1.0,320
/home/zzy/testQuanFormer/QuanFormer/resources/example/profile_output/BC_2,198,187.09749,8.578,8.578336110338,8.016551521301269,8.989039161682129,4187226.75,808613.089,1.0,267
/home/zzy/testQuanFormer/QuanFormer/resources/example/profile_output/BC_2,199,239.09211,2.37,2.513540278498,1.6225632858276366,2.965629692077637,8553286.0,3989519.437,0.9990000128746033,390
/home/zzy/testQuanFormer/QuanFormer/resources/example/profile_output/BC_2,200,145.06182,9.095,9.083466492716,8.401126546859741,9.53099624633789,12021819.0,3387632.255,1.0,316
/home/zzy/testQuanFormer/QuanFormer/resources/example/profile_output/BC_2,201,179.05613,8.516,8.529393925889,8.328296390533447,9.023097053527833,2745659.5,664571.769,0.996999979019165,187
/home/zzy/testQuanFormer/QuanFormer/resources/example/profile_output/BC_2,202,133.01427,11.596,11.591830311839,10.8883574924469,12.162744613647462,519009.094,175413.586,1.0,455
/home/zzy/testQuanFormer/QuanFormer/resources/example/profile_output/BC_2,203,203.08248,6.477,6.404241111501,5.661005928039551,7.029064895629883,17747816.0,6731502.62,1.0,444
/home/zzy/testQuanFormer/QuanFormer/resources/example/profile_output/BC_2,204,171.1391,1.126,1.118108259265,0.8553896675109862,1.3932124862670898,2117351.75,222850.294,1.0,28
/home/zzy/testQuanFormer/QuanFormer/resources/example/profile_output/BC_2,205,167.03498,1.528,1.501689110819,1.2408496170043946,1.9989434509277344,5394875.0,520337.909,1.0,135
/home/zzy/testQuanFormer/QuanFormer/resources/example/profile_output/BC_2,206,391.28527,1.362,1.0676223622,0.7888756389617921,1.2791147346496583,2735976.0,498154.111,0.9990000128746033,52
/home/zzy/testQuanFormer/QuanFormer/resources/example/profile_output/BC_2,206,391.28527,1.362,1.329944525782,1.3111740226745607,1.7465970153808597,1908483.875,256770.924,0.9900000095367432,65
/home/zzy/testQuanFormer/QuanFormer/resources/example/profile_output/BC_2,207,181.05063,4.919,4.81936486028,4.332565921783447,5.2413836898803705,1090013.0,201376.338,1.0,272
/home/zzy/testQuanFormer/QuanFormer/resources/example/profile_output/BC_2,208,88.04036,8.647,8.656920328363,8.161005851745605,9.118635818481446,4305099.0,891180.796,1.0,266
/home/zzy/testQuanFormer/QuanFormer/resources/example/profile_output/BC_2,209,173.1044,14.151,14.127676326656,13.38940823173523,14.929279876708984,491010.0,274041.355,1.0,565
/home/zzy/testQuanFormer/QuanFormer/resources/example/profile_output/BC_2,210,130.0873,5.421,5.410030025864,4.833560319900513,6.253127952575683,12066213.0,7267364.636,1.0,449
/home/zzy/testQuanFormer/QuanFormer/resources/example/profile_output/BC_2,211,327.23285,0.969,0.997048344835,0.7012722270965576,1.4263106366157532,20071466.0,2899847.959,1.0,90
/home/zzy/testQuanFormer/QuanFormer/resources/example/profile_output/BC_2,212,265.14787,0.987,0.966953327878,0.7065945850372315,1.2551420247554779,3552525.25,374718.463,1.0,65
/home/zzy/testQuanFormer/QuanFormer/resources/example/profile_output/BC_2,213,147.02991,11.111,11.090525808557,10.291191230773926,11.600162254333497,219501.766,105143.296,1.0,468
/home/zzy/testQuanFormer/QuanFormer/resources/example/profile_output/BC_2,214,255.23284,1.04,0.997048344835,0.7034510993957519,1.5519058609008791,92079208.0,18237581.879,1.0,109
/home/zzy/testQuanFormer/QuanFormer/resources/example/profile_output/BC_2,215,87.0451,2.218,2.165710360432,1.501691644668579,2.853384178161621,1234110.75,463456.9,1.0,360
/home/zzy/testQuanFormer/QuanFormer/resources/example/profile_output/BC_2,216,89.02424,4.783,4.78033575875,3.9220649318695076,5.303146942138673,120142752.0,64321233.008,1.0,425
/home/zzy/testQuanFormer/QuanFormer/resources/example/profile_output/BC_2,217,199.17038,1.084,1.0676223622,0.7850461807250977,1.406891998291016,11424962.0,1320303.12,1.0,69
/home/zzy/testQuanFormer/QuanFormer/resources/example/profile_output/BC_2,218,146.04594,9.935,9.963083444659,9.121311006546021,10.39446159362793,1518782.625,545017.061,1.0,403
/home/zzy/testQuanFormer/QuanFormer/resources/example/profile_output/BC_2,219,279.2328,1.012,0.997048344835,0.7046809310913087,1.4637129898071288,232188624.0,35206060.864,1.0,101
/home/zzy/testQuanFormer/QuanFormer/resources/example/profile_output/BC_2,220,135.02987,8.534,8.529393925889,7.835617527008058,8.974632438659668,6933495.0,2150790.988,1.0,313
/home/zzy/testQuanFormer/QuanFormer/resources/example/profile_output/BC_2,221,115.04005,1.603,1.685555110995,1.2843533782958985,2.459349563598633,2515686.25,966298.476,1.0,263
/home/zzy/testQuanFormer/QuanFormer/resources/example/profile_output/BC_2,222,227.20164,1.066,1.0676223622,0.7476951751708985,1.4466583404541016,10254170.0,1434704.32,1.0,86
/home/zzy/testQuanFormer/QuanFormer/resources/example/profile_output/BC_2,223,485.28228,0.923,0.905486828709,0.6609136960029602,1.1610509359359742,1974218.375,216359.894,1.0,50
/home/zzy/testQuanFormer/QuanFormer/resources/example/profile_output/BC_2,224,116.03527,5.411,5.410030025864,5.021161972045898,5.8975690231323235,824615.562,258796.082,1.0,275
/home/zzy/testQuanFormer/QuanFormer/resources/example/profile_output/BC_2,225,157.12345,1.162,1.168443475787,0.9042721862792968,1.4679675216674806,1920467.5,198984.633,1.0,28
/home/zzy/testQuanFormer/QuanFormer/resources/example/profile_output/BC_2,226,263.10352,2.529,1.940499809011,1.4979369678497312,2.1421851196289063,2605639.25,736133.787,0.9990000128746033,154
/home/zzy/testQuanFormer/QuanFormer/resources/example/profile_output/BC_2,226,263.10352,2.529,2.513540278498,2.3102293052673337,2.8830746688842774,3622349.25,604703.003,0.9990000128746033,176
/home/zzy/testQuanFormer/QuanFormer/resources/example/profile_output/BC_2,227,281.24834,0.982,0.997048344835,0.6990614081382751,1.4903992574691773,238763456.0,38430115.507,1.0,105
/home/zzy/testQuanFormer/QuanFormer/resources/example/profile_output/BC_2,228,277.21721,1.026,0.997048344835,0.7132707366943358,1.4478032836914063,18445036.0,2889166.766,1.0,89
/home/zzy/testQuanFormer/QuanFormer/resources/example/profile_output/BC_2,229,253.21724,1.033,1.017196427409,0.7094179229736328,1.4726289825439451,30129104.0,5070997.437,1.0,101
/home/zzy/testQuanFormer/QuanFormer/resources/example/profile_output/BC_2,230,498.92989,0.921,0.905486828709,0.6716042809963226,1.2655955277442932,8403223.0,775385.84,1.0,78
/home/zzy/testQuanFormer/QuanFormer/resources/example/profile_output/BC_2,231,243.06221,6.171,6.12714797519,5.389909358978271,6.675865074157715,1271523.125,529593.683,1.0,414
/home/zzy/testQuanFormer/QuanFormer/resources/example/profile_output/BC_2,232,283.26419,0.989,0.997048344835,0.6814373986244201,1.5750941562652587,25432670.0,5292198.108,1.0,122
/home/zzy/testQuanFormer/QuanFormer/resources/example/profile_output/BC_2,233,367.15824,1.001,0.997048344835,0.7356914291381835,1.2992954025268553,17726220.0,1890667.212,1.0,70
/home/zzy/testQuanFormer/QuanFormer/resources/example/profile_output/BC_2,234,179.05748,1.528,0.0,0.0,0.0,0.0,0.0,0.0,0
/home/zzy/testQuanFormer/QuanFormer/resources/example/profile_output/BC_2,235,101.06077,1.551,1.531882527097,1.2333092460632322,2.3099000701904293,1547735.75,341600.674,1.0,213
/home/zzy/testQuanFormer/QuanFormer/resources/example/profile_output/BC_2,236,407.28005,1.531,1.0676223622,0.7916582641601562,1.2017427978515625,1052010.5,137066.121,0.9980000257492065,27
/home/zzy/testQuanFormer/QuanFormer/resources/example/profile_output/BC_2,236,407.28005,1.531,1.511747875436,1.323899703979492,1.7238033828735349,2728620.5,212480.319,1.0,56
