schema_version,sample_id,sample_alert_level,sample_confidence,matched_confidence_p10,matched_confidence_median,all_event_comparison_confidence_p10,match_coverage,n_rows,n_reference_rows,n_matched,n_info,n_green,n_yellow,n_red,n_unavailable,n_review_required,n_ai_miss,n_ai_extra,n_ambiguous,min_confidence
comparison_confidence_v2_1,test3_1,RED,,,,0.0,0.0,704,704,0,0,0,0,688,16,704,688,0,0,0.0
comparison_confidence_v2_1,test3_10,RED,0.7364766095382189,0.7591540417967271,0.8938966386158532,0.033891488423117316,0.9701280227596017,1095,704,682,0,555,121,418,1,540,21,391,1,0.0
comparison_confidence_v2_1,test3_11,RED,0.7469820578870938,0.7666107834958058,0.8992198603965096,0.03256385613348013,0.9743954480796586,1129,704,685,0,565,115,448,1,564,18,425,1,0.0
comparison_confidence_v2_1,test3_12,RED,0.7355735586414959,0.7537755244302956,0.9002432625325052,0.031791944601640816,0.9758522727272727,1077,704,687,0,558,124,395,0,519,17,373,1,0.0
comparison_confidence_v2_1,test3_13,RED,0.7461966382292065,0.7591364643256667,0.8939989071408716,0.03738940255030722,0.9829545454545454,1098,704,692,0,558,133,407,0,540,12,394,1,0.0
comparison_confidence_v2_1,test3_14,RED,0.7537573478264766,0.7701910109331586,0.8982023053459247,0.031821581268332386,0.9786628733997155,1108,704,688,0,577,103,427,1,531,15,404,1,0.0
comparison_confidence_v2_1,test3_15,RED,0.7972731706760986,0.8029842965405406,0.9080052720023468,0.05152322721705401,0.9928876244665719,935,704,698,0,626,70,237,2,309,5,231,0,0.0
comparison_confidence_v2_1,test3_16,RED,0.7948931080729723,0.8005790387458834,0.9107426922396059,0.06306199733646266,0.9928977272727273,943,704,699,0,627,70,246,0,316,5,239,1,0.0
comparison_confidence_v2_1,test3_17,RED,0.7945061635403182,0.8048095575919938,0.9074841897551673,0.049257653765846385,0.9871977240398293,930,704,694,0,626,67,235,2,304,9,226,0,0.0
comparison_confidence_v2_1,test3_18,RED,0.7866698623589322,0.7945704205174867,0.9097360837797656,0.04996934669228809,0.9900568181818182,932,704,697,0,619,73,240,0,313,7,228,1,0.0
comparison_confidence_v2_1,test3_19,RED,0.7906050990873034,0.7974011314576813,0.9098620128214814,0.052360457205062515,0.9914772727272727,940,704,698,0,623,72,245,0,317,6,236,0,0.0
comparison_confidence_v2_1,test3_2,RED,,,,0.0,0.0,704,704,0,0,0,0,684,20,704,684,0,0,0.0
comparison_confidence_v2_1,test3_20,RED,0.7939320335558455,0.800756664216784,0.9078976624336623,0.043760379722843835,0.9914772727272727,944,704,698,0,625,71,248,0,319,6,240,0,0.0
comparison_confidence_v2_1,test3_21,RED,0.8190727611910565,0.8225780654472237,0.9060614846711547,0.061684503181049545,0.9957386363636364,893,704,701,0,654,44,195,0,239,3,189,0,0.0
comparison_confidence_v2_1,test3_22,RED,0.8167907429693664,0.8238118668344326,0.9066148105208031,0.06720061655206162,0.9914772727272727,894,704,698,0,648,47,199,0,246,6,190,0,0.0
comparison_confidence_v2_1,test3_23,RED,0.8289944123995415,0.8349242722879503,0.907073964188129,0.06474138868131346,0.9928977272727273,878,704,699,0,650,48,180,0,228,5,174,0,0.0
comparison_confidence_v2_1,test3_24,RED,0.8293689458660201,0.8329183136799974,0.9090947133832958,0.07269896572858088,0.9957386363636364,882,704,701,0,658,41,183,0,224,3,178,0,0.0
comparison_confidence_v2_1,test3_25,RED,0.8180374066965256,0.8250692468687021,0.9048734915668714,0.07479895748588916,0.9914772727272727,876,704,698,0,644,50,182,0,232,6,172,0,0.0
comparison_confidence_v2_1,test3_26,RED,0.8264929779910821,0.8312157950081741,0.9091684817716736,0.06761467122708105,0.9943181818181818,878,704,700,0,656,43,179,0,222,4,174,0,0.0
comparison_confidence_v2_1,test3_27,RED,0.8353359836679697,0.8389108880203291,0.8998143878114254,0.12859217015209629,0.9957386363636364,820,704,701,0,668,32,120,0,152,3,116,0,0.0
comparison_confidence_v2_1,test3_28,RED,0.840457378596198,0.8440542004732146,0.9039505362743663,0.10645658659222715,0.9957386363636364,824,704,701,0,673,27,124,0,151,3,120,0,0.0
comparison_confidence_v2_1,test3_29,RED,0.845385862206913,0.8514329713786363,0.9018091965206501,0.08784621265598584,0.9928977272727273,836,704,699,0,674,22,140,0,162,5,132,1,0.0
comparison_confidence_v2_1,test3_3,RED,0.6773311480551698,0.7096330806002747,0.8587060338558092,0.025347416993903974,0.9544807965860598,1236,704,671,0,471,183,580,2,765,32,532,3,0.0
comparison_confidence_v2_1,test3_30,RED,0.8436981518737359,0.8485192841701572,0.9014417966993056,0.10616549288788286,0.9943181818181818,830,704,700,0,680,20,130,0,150,4,126,0,0.0
comparison_confidence_v2_1,test3_31,RED,0.8398351436202582,0.8434293025801167,0.8996077669715287,0.12772801910667633,0.9957386363636364,818,704,701,0,672,26,120,0,146,3,114,0,0.0
comparison_confidence_v2_1,test3_32,RED,0.84235536295184,0.8447552357807626,0.8991448584375463,0.12838330492315572,0.9971590909090909,827,704,702,0,673,26,128,0,154,2,123,0,0.0
comparison_confidence_v2_1,test3_33,RED,0.8432864886039395,0.8481052685388192,0.8906963202041795,0.17128826288204033,0.9943181818181818,797,704,700,0,684,16,97,0,113,4,93,0,0.0
comparison_confidence_v2_1,test3_34,RED,0.8397977091755784,0.8433917079309661,0.8878861228008192,0.20073990894722407,0.9957386363636364,791,704,701,0,684,16,91,0,107,3,87,0,0.0
comparison_confidence_v2_1,test3_35,RED,0.8380155918748853,0.8416070872686348,0.8916304870486793,0.21119431474748088,0.9957325746799431,795,704,700,0,685,13,93,4,110,3,91,0,0.0
comparison_confidence_v2_1,test3_36,RED,0.8413934560405026,0.844994283955084,0.8911022891335943,0.17982026226257286,0.9957386363636364,803,704,701,0,684,15,104,0,119,3,99,1,0.0
comparison_confidence_v2_1,test3_37,RED,0.8458474233660722,0.8482572450850638,0.892626779405872,0.2388823591250627,0.9971590909090909,787,704,702,0,684,17,86,0,103,2,83,0,0.0
comparison_confidence_v2_1,test3_38,RED,0.8421864167510723,0.8469989105610785,0.8885083016576234,0.1898744962474108,0.9943181818181818,799,704,700,0,682,18,99,0,117,4,95,0,0.0
comparison_confidence_v2_1,test3_39,RED,0.8320017448301407,0.8343721201715371,0.8822374732437052,0.28961667518396816,0.9971590909090909,781,704,702,0,679,21,81,0,102,2,77,0,0.0
comparison_confidence_v2_1,test3_4,RED,0.6861078455378401,0.7103590801371158,0.8590706464170716,0.02544132507617713,0.9658605974395448,1268,704,679,0,486,183,598,1,782,24,564,2,0.0
comparison_confidence_v2_1,test3_40,RED,0.8353625255566794,0.8389375434977209,0.8805817331938173,0.3448302328102321,0.9957386363636364,781,704,701,0,674,26,81,0,107,3,77,0,0.0
comparison_confidence_v2_1,test3_41,RED,0.834780839331376,0.8371591323209241,0.8808390913041148,0.25678532523341957,0.9971590909090909,787,704,702,0,678,24,85,0,109,2,83,0,0.0
comparison_confidence_v2_1,test3_42,RED,0.8350066324189306,0.8385801272794966,0.8832369770302858,0.314970862402176,0.9957386363636364,779,704,701,0,681,17,81,0,98,3,75,0,0.0
comparison_confidence_v2_1,test3_43,RED,0.838086352485861,0.8416730273181828,0.8822349749910184,0.2464279761699879,0.9957386363636364,782,704,701,0,679,21,82,0,103,3,78,1,0.0
comparison_confidence_v2_1,test3_44,RED,0.8379527015531922,0.8403400311872469,0.8835375477389795,0.6326878272085348,0.9971590909090909,776,704,702,0,688,11,77,0,88,2,72,0,0.0
comparison_confidence_v2_1,test3_45,RED,0.8302352228732672,0.8349794241468288,0.8757775316814465,0.7746619894369943,0.9943181818181818,771,704,700,0,684,16,71,0,87,4,67,0,0.0
comparison_confidence_v2_1,test3_46,RED,0.8254302281819225,0.8301469723429621,0.8743930606807628,0.35040270724397227,0.9943181818181818,780,704,700,0,672,28,80,0,108,4,76,0,0.0
comparison_confidence_v2_1,test3_47,RED,0.8278436803318148,0.8313865206185416,0.8737676703159362,0.7374132083982522,0.9957386363636364,775,704,701,0,682,18,75,0,93,3,71,0,0.0
comparison_confidence_v2_1,test3_48,RED,0.8296341692970142,0.8331846721613381,0.8733703987476004,0.7883655815284416,0.9957386363636364,770,704,701,0,688,13,69,0,82,3,66,0,0.0
comparison_confidence_v2_1,test3_49,RED,0.8274213321330569,0.8321494540309601,0.8747507834642094,0.7606222510553183,0.9943181818181818,771,704,700,0,682,18,71,0,89,4,67,0,0.0
comparison_confidence_v2_1,test3_5,RED,0.691838767388774,0.718408646195433,0.8616438820320012,0.027869958009050073,0.9630156472261735,1269,704,677,0,475,185,608,1,794,26,565,2,0.0
comparison_confidence_v2_1,test3_50,RED,0.825622576788126,0.8291559116388598,0.8729052150130089,0.7597843064035219,0.9957386363636364,772,704,701,0,679,20,73,0,93,3,68,0,0.0
comparison_confidence_v2_1,test3_51,RED,0.820571531531824,0.8264411419147413,0.8658562440759998,0.7806604783431956,0.9928977272727273,768,704,699,0,669,30,69,0,99,5,64,0,0.0
comparison_confidence_v2_1,test3_52,RED,0.8305964498540809,0.8329628215060868,0.8665662846851335,0.6931240099885569,0.9971590909090909,777,704,702,0,672,29,76,0,105,2,73,0,0.0
comparison_confidence_v2_1,test3_53,RED,0.8206689832896287,0.825358520336998,0.8671683898727192,0.781194082093554,0.9943181818181818,769,704,700,0,670,30,69,0,99,4,65,0,0.0
comparison_confidence_v2_1,test3_54,RED,0.8263514998844793,0.8298879542349122,0.8693208587310756,0.7879141783440442,0.9957386363636364,766,704,701,0,673,27,66,0,93,3,62,0,0.0
comparison_confidence_v2_1,test3_55,RED,0.8273408972309237,0.830881585806805,0.8684989710561193,0.7592176978961037,0.9957386363636364,769,704,701,0,675,25,69,0,94,3,65,0,0.0
comparison_confidence_v2_1,test3_56,RED,0.8214866011296327,0.8250022356565784,0.8683513227353343,0.7823388470225311,0.9957386363636364,764,704,701,0,676,25,63,0,88,3,60,0,0.0
comparison_confidence_v2_1,test3_6,RED,0.6959878633705778,0.7258895641672397,0.8641823628011105,0.026442712653588087,0.9588068181818182,1259,704,675,0,492,175,592,0,767,29,555,0,0.0
comparison_confidence_v2_1,test3_7,RED,0.6981952556219515,0.722837441114491,0.8622812330570426,0.03037719013375016,0.9659090909090909,1249,704,680,0,472,193,584,0,777,24,545,4,0.0
comparison_confidence_v2_1,test3_8,RED,0.7131965544694386,0.73836819756836,0.8640994370023554,0.025871057360284243,0.9659090909090909,1256,704,680,0,495,176,585,0,761,24,552,4,0.0
comparison_confidence_v2_1,test3_9,RED,0.7293640295245294,0.7474123388431859,0.8907238916220421,0.03563931636196022,0.9758522727272727,1119,704,687,0,543,140,436,0,576,17,415,1,0.0
