dataset,sample,native_id,model,start_error,end_error,width_error
test1,农残混标,6-涕灭威-1,MRMPFormer,-0.005685974121093729,0.02459150695800716,0.030277481079100887
test1,农残混标,6-涕灭威-1,CentreWave,-0.000983333333333114,0.01916666666666611,0.020149999999999224
test1,农残混标,6-涕灭威-2,MRMPFormer,-0.01187959289550733,0.007959960937499844,0.019839553833007173
test1,农残混标,6-涕灭威-2,CentreWave,-0.000983333333333114,0.004150000000000098,0.005133333333333212
test1,农残混标,69-内吸磷-1,MRMPFormer,-0.00935377502441348,0.00972428894043098,0.01907806396484446
test1,农残混标,69-内吸磷-1,CentreWave,0.0006500000000002615,-0.0142166666666661,-0.014866666666666362
test1,农残混标,69-内吸磷-2,MRMPFormer,0.0033252868652358103,0.013610778808594404,0.010285491943358593
test1,农残混标,69-内吸磷-2,CentreWave,0.005666666666666487,-0.004216666666666313,-0.0098833333333328
test1,农残混标,171-甲基异柳磷-1,MRMPFormer,-0.0006788177490228975,0.015476501464844361,0.01615531921386726
test1,农残混标,171-甲基异柳磷-1,CentreWave,0.0026666666666628203,-0.007199999999999207,-0.009866666666662027
test1,农残混标,171-甲基异柳磷-2,MRMPFormer,-0.014369689941403863,0.013243606567383992,0.027613296508787855
test1,农残混标,171-甲基异柳磷-2,CentreWave,-0.0023333333333344086,0.007816666666668581,0.01015000000000299
test1,农残混标,196-杀扑磷-1,MRMPFormer,-0.018279327392578537,0.01574075317382828,0.03402008056640682
test1,农残混标,196-杀扑磷-1,CentreWave,-0.013949999999999463,0.07624999999999993,0.09019999999999939
test1,农残混标,196-杀扑磷-2,MRMPFormer,-0.0019994201660153976,0.007580963134769192,0.00958038330078459
test1,农残混标,196-杀扑磷-2,CentreWave,0.0010499999999993292,-0.0038000000000000256,-0.004849999999999355
test1,农残混标,234-甲拌磷-1,MRMPFormer,0.0006274108886721308,-0.019816696166992998,-0.02044410705566513
test1,农残混标,234-甲拌磷-1,CentreWave,0.03286666666666527,-0.03701666666666803,-0.0698833333333333
test1,农残混标,234-甲拌磷-2,MRMPFormer,-0.018507492065429787,-0.008571197509764872,0.009936294555664915
test1,农残混标,234-甲拌磷-2,CentreWave,0.02786666666666804,-0.0420333333333307,-0.06989999999999874
test1,农残混标-2,6-涕灭威-1,MRMPFormer,-0.0069426879882810155,0.01454878234863255,0.021491470336913565
test1,农残混标-2,6-涕灭威-1,CentreWave,-0.005983333333333896,0.009166666666666323,0.015150000000000219
test1,农残混标-2,6-涕灭威-2,MRMPFormer,-0.014769836425782223,0.004391311645507656,0.01916114807128988
test1,农残混标-2,6-涕灭威-2,CentreWave,-0.0009666666666667822,0.004166666666667318,0.0051333333333341
test1,农残混标-2,69-内吸磷-1,MRMPFormer,-0.010030502319335,0.005905776977540356,0.015936279296875355
test1,农残混标-2,69-内吸磷-1,CentreWave,0.010666666666665492,-0.0142166666666661,-0.024883333333331592
test1,农残混标-2,69-内吸磷-2,MRMPFormer,-0.0011774291992185937,0.022013259887696535,0.02319068908691513
test1,农残混标-2,69-内吸磷-2,CentreWave,0.005666666666666487,-0.004216666666666313,-0.0098833333333328
test1,农残混标-2,171-甲基异柳磷-1,MRMPFormer,-0.0010280151367201285,0.012135208129882002,0.013163223266602131
test1,农残混标-2,171-甲基异柳磷-1,CentreWave,0.0026666666666628203,0.00280000000000058,0.00013333333333775954
test1,农残混标-2,171-甲基异柳磷-2,MRMPFormer,-0.01176982116699321,0.021878097534180796,0.03364791870117401
test1,农残混标-2,171-甲基异柳磷-2,CentreWave,-0.007333333333333414,0.00280000000000058,0.010133333333333994
test1,农残混标-2,196-杀扑磷-1,MRMPFormer,-0.0173246612548823,0.0067846069335928405,0.02410926818847514
test1,农残混标-2,196-杀扑磷-1,CentreWave,-0.003933333333332456,0.026216666666666555,0.03014999999999901
test1,农残混标-2,196-杀扑磷-2,MRMPFormer,-0.007393783569336065,0.007425933837890142,0.014819717407226207
test1,农残混标-2,196-杀扑磷-2,CentreWave,0.0010666666666665492,-0.0038000000000000256,-0.004866666666666575
test1,农残混标-2,234-甲拌磷-1,MRMPFormer,-0.021544525146483195,0.008441436767579802,0.029985961914062997
test1,农残混标-2,234-甲拌磷-1,CentreWave,0.012866666666665694,-0.012016666666665898,-0.024883333333331592
test1,农残混标-2,234-甲拌磷-2,MRMPFormer,0.010843246459961264,-0.009952651977538807,-0.02079589843750007
test1,农残混标-2,234-甲拌磷-2,CentreWave,0.0628666666666664,-0.02203333333333113,-0.08489999999999753
test1,农残混标-3,6-涕灭威-1,MRMPFormer,-0.009538208007812798,0.02748495483398461,0.03702316284179741
test1,农残混标-3,6-涕灭威-1,CentreWave,-0.010983333333333789,0.0441833333333328,0.055166666666666586
test1,农残混标-3,6-涕灭威-2,MRMPFormer,-0.012194305419923168,0.020210250854491463,0.03240455627441463
test1,农残混标-3,6-涕灭威-2,CentreWave,-0.0009666666666667822,0.004150000000000098,0.00511666666666688
test1,农残混标-3,69-内吸磷-1,MRMPFormer,-0.012588943481445014,0.008141723632812514,0.02073066711425753
test1,农残混标-3,69-内吸磷-1,CentreWave,0.0006500000000002615,-0.009199999999999875,-0.009850000000000136
test1,农残混标-3,69-内吸磷-2,MRMPFormer,-0.001074050903319801,0.017951980590821037,0.019026031494140838
test1,农残混标-3,69-内吸磷-2,CentreWave,0.005666666666666487,0.000783333333332692,-0.004883333333333795
test1,农残混标-3,171-甲基异柳磷-1,MRMPFormer,0.0032959442138675854,0.013465927124023835,0.01016998291015625
test1,农残混标-3,171-甲基异柳磷-1,CentreWave,0.007683333333330822,-0.022216666666668772,-0.029899999999999594
test1,农残混标-3,171-甲基异柳磷-2,MRMPFormer,-0.012194168090822188,0.011192138671876961,0.02338630676269915
test1,农残混标-3,171-甲基异柳磷-2,CentreWave,-0.0023333333333344086,0.017816666666668368,0.020150000000002777
test1,农残混标-3,196-杀扑磷-1,MRMPFormer,-0.011521514892578466,0.008567138671875085,0.02008865356445355
test1,农残混标-3,196-杀扑磷-1,CentreWave,-0.003933333333332456,0.011216666666667763,0.015150000000000219
test1,农残混标-3,196-杀扑磷-2,MRMPFormer,-0.007993377685545866,0.007789016723634745,0.01578239440918061
test1,农残混标-3,196-杀扑磷-2,CentreWave,-0.003933333333332456,-0.008816666666668027,-0.004883333333335571
test1,农残混标-3,234-甲拌磷-1,MRMPFormer,-0.00588931274413973,-0.005681640624999318,0.00020767211914041184
test1,农残混标-3,234-甲拌磷-1,CentreWave,0.007849999999999469,-0.037033333333333474,-0.04488333333333294
test1,农残混标-3,234-甲拌磷-2,MRMPFormer,-0.016513626098632272,-0.04629443359375074,-0.029780807495118466
test1,农残混标-3,234-甲拌磷-2,CentreWave,0.007866666666668465,-0.052033333333332266,-0.05990000000000073
test1,农残混标-4,6-涕灭威-1,MRMPFormer,-0.0032161102294931965,0.028473571777343665,0.03168968200683686
test1,农残混标-4,6-涕灭威-1,CentreWave,0.004033333333332223,0.024166666666666003,0.02013333333333378
test1,农残混标-4,6-涕灭威-2,MRMPFormer,-0.010296112060547813,0.012542938232421363,0.022839050292969176
test1,农残混标-4,6-涕灭威-2,CentreWave,0.004033333333332223,0.009166666666666323,0.0051333333333341
test1,农残混标-4,69-内吸磷-1,MRMPFormer,-0.009706481933594802,0.0043564758300771445,0.014062957763671946
test1,农残混标-4,69-内吸磷-1,CentreWave,0.005666666666666487,0.0007999999999999119,-0.004866666666666575
test1,农残混标-4,69-内吸磷-2,MRMPFormer,-0.00831289672851554,-0.005217956542967528,0.003094940185548012
test1,农残混标-4,69-内吸磷-2,CentreWave,0.005666666666666487,-0.0142166666666661,-0.019883333333332587
test1,农残混标-4,171-甲基异柳磷-1,MRMPFormer,-0.0033426971435570607,0.016332519531250256,0.019675216674807317
test1,农残混标-4,171-甲基异柳磷-1,CentreWave,0.007683333333330822,-0.007199999999999207,-0.014883333333330029
test1,农残混标-4,171-甲基异柳磷-2,MRMPFormer,-0.010624572753906492,0.007490661621094574,0.018115234375001066
test1,农残混标-4,171-甲基异柳磷-2,CentreWave,-0.012333333333334195,0.017816666666666592,0.030150000000000787
test1,农残混标-4,196-杀扑磷-1,MRMPFormer,-0.010441192626952756,0.011198593139647883,0.02163978576660064
test1,农残混标-4,196-杀扑磷-1,CentreWave,-0.003933333333332456,0.02121666666666755,0.025150000000000006
test1,农残混标-4,196-杀扑磷-2,MRMPFormer,-0.004569763183592812,0.007747741699219546,0.012317504882812358
test1,农残混标-4,196-杀扑磷-2,CentreWave,0.011066666666666336,-0.013800000000001589,-0.024866666666667925
test1,农残混标-4,234-甲拌磷-1,MRMPFormer,0.003275955200196634,-0.0070500488281250995,-0.010326004028321734
test1,农残混标-4,234-甲拌磷-1,CentreWave,0.007849999999999469,-0.012016666666665898,-0.019866666666665367
test1,农残混标-4,234-甲拌磷-2,MRMPFormer,-0.02331652832031139,-0.017214157104492145,0.006102371215819247
test1,农残混标-4,234-甲拌磷-2,CentreWave,0.007866666666668465,-0.052049999999999486,-0.05991666666666795
test1,农残混标-5,6-涕灭威-1,MRMPFormer,-0.0029152069091802346,0.02026922607421877,0.023184432983399006
test1,农残混标-5,6-涕灭威-1,CentreWave,0.004033333333332223,0.019166666666666998,0.015133333333334775
test1,农残混标-5,6-涕灭威-2,MRMPFormer,-0.001895614624023878,0.019277328491210888,0.021172943115234766
test1,农残混标-5,6-涕灭威-2,CentreWave,0.004033333333332223,0.014166666666667105,0.010133333333334882
test1,农残混标-5,69-内吸磷-1,MRMPFormer,-0.003296264648438907,0.019022613525390142,0.02231887817382905
test1,农残混标-5,69-内吸磷-1,CentreWave,0.005666666666666487,-0.009216666666667095,-0.014883333333333582
test1,农残混标-5,69-内吸磷-2,MRMPFormer,-0.007844757080079034,0.005360198974608821,0.013204956054687855
test1,农残混标-5,69-内吸磷-2,CentreWave,0.005666666666666487,0.0007999999999999119,-0.004866666666666575
test1,农残混标-5,171-甲基异柳磷-1,MRMPFormer,-0.009112655639649248,0.00924435424804848,0.01835700988769773
test1,农残混标-5,171-甲基异柳磷-1,CentreWave,0.0026666666666628203,-0.002200000000000202,-0.004866666666663022
test1,农残混标-5,171-甲基异柳磷-2,MRMPFormer,-0.017741500854492998,0.009705780029298339,0.027447280883791336
test1,农残混标-5,171-甲基异柳磷-2,CentreWave,-0.007333333333333414,0.012816666666667587,0.020150000000001
test1,农残混标-5,196-杀扑磷-1,MRMPFormer,-0.01171125793456973,0.009274993896482897,0.020986251831052627
test1,农残混标-5,196-杀扑磷-1,CentreWave,-0.008950000000000458,0.026216666666666555,0.03516666666666701
test1,农残混标-5,196-杀扑磷-2,MRMPFormer,-0.011022018432617742,0.008878646850584815,0.019900665283202557
test1,农残混标-5,196-杀扑磷-2,CentreWave,0.0010666666666665492,-0.033816666666666606,-0.034883333333333155
test1,农残混标-5,234-甲拌磷-1,MRMPFormer,-0.025452682495117784,0.09457699584960899,0.12002967834472678
test1,农残混标-5,234-甲拌磷-1,CentreWave,0.007849999999999469,0.08298333333333296,0.0751333333333335
test1,农残混标-5,234-甲拌磷-2,MRMPFormer,-0.01991748046874875,-0.004338027954100099,0.01557945251464865
test1,农残混标-5,234-甲拌磷-2,CentreWave,0.002866666666665907,-0.03204999999999991,-0.03491666666666582
test1,农残混标-6,6-涕灭威-1,MRMPFormer,-0.0034412536621086787,0.013415206909179744,0.016856460571288423
test1,农残混标-6,6-涕灭威-1,CentreWave,-0.000983333333333114,0.014166666666667105,0.015150000000000219
test1,农残混标-6,6-涕灭威-2,MRMPFormer,-0.002016845703125547,0.017311080932616463,0.01932792663574201
test1,农残混标-6,6-涕灭威-2,CentreWave,0.004016666666666779,0.014166666666667105,0.010150000000000325
test1,农残混标-6,69-内吸磷-1,MRMPFormer,-0.005991577148437344,0.008250366210937443,0.014241943359374787
test1,农残混标-6,69-内吸磷-1,CentreWave,0.0006500000000002615,-0.004216666666666313,-0.004866666666666575
test1,农残混标-6,69-内吸磷-2,MRMPFormer,-0.004724792480470086,0.009604125976562017,0.014328918457032103
test1,农残混标-6,69-内吸磷-2,CentreWave,0.005666666666666487,-0.009216666666667095,-0.014883333333333582
test1,农残混标-6,171-甲基异柳磷-1,MRMPFormer,-0.0015616149902371035,0.010512207031252885,0.012073822021489988
test1,农残混标-6,171-甲基异柳磷-1,CentreWave,0.0026666666666628203,-0.002200000000000202,-0.004866666666663022
test1,农残混标-6,171-甲基异柳磷-2,MRMPFormer,-0.00923358154297027,0.01631192016601446,0.02554550170898473
test1,农残混标-6,171-甲基异柳磷-2,CentreWave,-0.0023333333333344086,0.03783333333333161,0.04016666666666602
test1,农残混标-6,196-杀扑磷-1,MRMPFormer,-0.010405334472658012,0.011458984374998593,0.021864318847656605
test1,农残混标-6,196-杀扑磷-1,CentreWave,-0.008950000000000458,0.04623333333333335,0.055183333333333806
test1,农残混标-6,196-杀扑磷-2,MRMPFormer,-0.004674819946290043,0.01153955078124902,0.016214370727539062
test1,农残混标-6,196-杀扑磷-2,CentreWave,0.0010666666666665492,-0.008800000000000807,-0.009866666666667356
test1,农残混标-6,234-甲拌磷-1,MRMPFormer,-0.006650421142575524,0.0014310913085946453,0.00808151245117017
test1,农残混标-6,234-甲拌磷-1,CentreWave,0.002866666666665907,-0.027033333333333687,-0.029899999999999594
test1,农残混标-6,234-甲拌磷-2,MRMPFormer,-0.025350753784179503,0.0017949371337895315,0.027145690917969034
test1,农残混标-6,234-甲拌磷-2,CentreWave,0.02286666666666548,-0.0170333333333339,-0.03989999999999938
test1,农残混标-7,6-涕灭威-1,MRMPFormer,-0.0074533996582042406,0.019239486694335284,0.026692886352539524
test1,农残混标-7,6-涕灭威-1,CentreWave,-0.0009666666666667822,0.029183333333334005,0.030150000000000787
test1,农残混标-7,6-涕灭威-2,MRMPFormer,-0.009044204711914361,0.015670227050780916,0.024714431762695277
test1,农残混标-7,6-涕灭威-2,CentreWave,0.004033333333332223,0.004150000000000098,0.00011666666666787506
test1,农残混标-7,69-内吸磷-1,MRMPFormer,-0.01078482055664054,0.004253936767579347,0.015038757324219887
test1,农残混标-7,69-内吸磷-1,CentreWave,0.0006666666666657051,-0.009199999999999875,-0.00986666666666558
test1,农残混标-7,69-内吸磷-2,MRMPFormer,-0.014895919799805313,-0.008013824462890895,0.006882095336914418
test1,农残混标-7,69-内吸磷-2,CentreWave,-0.0043333333333333,-0.01921666666666688,-0.014883333333333582
test1,农残混标-7,171-甲基异柳磷-1,MRMPFormer,0.0005075531005829248,0.013938110351562116,0.013430557250979192
test1,农残混标-7,171-甲基异柳磷-1,CentreWave,0.007683333333330822,-0.007199999999999207,-0.014883333333330029
test1,农残混标-7,171-甲基异柳磷-2,MRMPFormer,-0.008346588134765298,0.009342773437500895,0.017689361572266193
test1,农残混标-7,171-甲基异柳磷-2,CentreWave,-0.0023333333333344086,-0.0021833333333312055,0.00015000000000320313
test1,农残混标-7,196-杀扑磷-1,MRMPFormer,-0.003927368164061917,0.0205979309082025,0.024525299072264417
test1,农残混标-7,196-杀扑磷-1,CentreWave,-0.008933333333333238,0.05123333333333058,0.060166666666663815
test1,农残混标-7,196-杀扑磷-2,MRMPFormer,-0.006906188964844517,0.008340850830077073,0.01524703979492159
test1,农残混标-7,196-杀扑磷-2,CentreWave,0.006066666666667331,-0.008800000000000807,-0.014866666666668138
test1,农残混标-7,234-甲拌磷-1,MRMPFormer,-0.01480624389648355,-0.003616668701170056,0.011189575195313495
test1,农残混标-7,234-甲拌磷-1,CentreWave,0.01786666666666825,-0.027016666666666467,-0.04488333333333472
test1,农残混标-7,234-甲拌磷-2,MRMPFormer,-0.025522949218748536,-0.010023910522459545,0.015499038696288991
test1,农残混标-7,234-甲拌磷-2,CentreWave,0.012866666666665694,-0.027016666666666467,-0.03988333333333216
test1,农残混标-8,6-涕灭威-1,MRMPFormer,-0.013175445556640852,0.014701141357422287,0.02787658691406314
test1,农残混标-8,6-涕灭威-1,CentreWave,-0.005983333333333896,0.014166666666667105,0.020150000000001
test1,农残混标-8,6-涕灭威-2,MRMPFormer,-0.005156646728516456,0.015139526367187628,0.020296173095704084
test1,农残混标-8,6-涕灭威-2,CentreWave,-0.0009666666666667822,0.004150000000000098,0.00511666666666688
test1,农残混标-8,69-内吸磷-1,MRMPFormer,-0.00467268371582108,0.003551498413084886,0.008224182128905966
test1,农残混标-8,69-内吸磷-1,CentreWave,-0.00435000000000052,0.0007999999999999119,0.005150000000000432
test1,农残混标-8,69-内吸磷-2,MRMPFormer,-0.00614080810546902,0.01625642395019611,0.02239723205566513
test1,农残混标-8,69-内吸磷-2,CentreWave,0.005666666666666487,-0.004216666666666313,-0.0098833333333328
test1,农残混标-8,171-甲基异柳磷-1,MRMPFormer,-0.005261108398435965,0.0017078857421886084,0.006968994140624574
test1,农残混标-8,171-甲基异柳磷-1,CentreWave,0.0026666666666628203,-0.002200000000000202,-0.004866666666663022
test1,农残混标-8,171-甲基异柳磷-2,MRMPFormer,-0.0035125274658209804,0.018700607299805938,0.02221313476562692
test1,农残混标-8,171-甲基异柳磷-2,CentreWave,0.002666666666666373,0.017816666666668368,0.015150000000001995
test1,农残混标-8,196-杀扑磷-1,MRMPFormer,-0.008669189453126336,0.012116333007810454,0.02078552246093679
test1,农残混标-8,196-杀扑磷-1,CentreWave,-0.013949999999999463,0.04123333333333079,0.05518333333333025
test1,农残混标-8,196-杀扑磷-2,MRMPFormer,-0.011828598022459502,0.0012740478515631537,0.013102645874022656
test1,农残混标-8,196-杀扑磷-2,CentreWave,0.0010666666666665492,-0.018800000000000594,-0.019866666666667143
test1,农残混标-8,234-甲拌磷-1,MRMPFormer,-0.010823852539063594,-0.006441604614257912,0.004382247924805682
test1,农残混标-8,234-甲拌磷-1,CentreWave,0.007849999999999469,-0.007016666666666893,-0.014866666666666362
test1,农残混标-8,234-甲拌磷-2,MRMPFormer,-0.01084185791015635,0.12720486450195168,0.13804672241210802
test1,农残混标-8,234-甲拌磷-2,CentreWave,-0.03713333333333502,0.052966666666666384,0.0901000000000014
test2,test2_1,阿维菌素-1,MRMPFormer,0.1106661987304669,-0.07091148376464318,-0.18157768249511008
test2,test2_1,阿维菌素-1,CentreWave,0.11983333333333235,-0.00975000000000037,-0.12958333333333272
test2,test2_1,阿维菌素-2,MRMPFormer,-0.017562805175785456,0.021469711303709005,0.03903251647949446
test2,test2_1,阿维菌素-2,CentreWave,-0.0011666666666663161,-0.0008666666666670153,0.0002999999999993008
test2,test2_1,乙酰甲胺磷-1,MRMPFormer,-0.004605545043944392,-0.0028517761230459904,0.001753768920898402
test2,test2_1,乙酰甲胺磷-1,CentreWave,-0.004583333333333162,0.05586666666666629,0.06044999999999945
test2,test2_1,乙酰甲胺磷-2,MRMPFormer,0.04493234252929712,0.012772842407226648,-0.03215950012207047
test2,test2_1,乙酰甲胺磷-2,CentreWave,0.05543333333333367,-0.014283333333333648,-0.06971666666666732
test2,test2_1,灭螨醌-1,MRMPFormer,-0.00876425170898898,0.0035611877441397155,0.012325439453128695
test2,test2_1,灭螨醌-1,CentreWave,0.0009833333333340022,0.04131666666666334,0.040333333333329335
test2,test2_1,灭螨醌-2,MRMPFormer,-0.003322509765627757,-0.015961212158199345,-0.012638702392571588
test2,test2_1,灭螨醌-2,CentreWave,0.0009833333333340022,0.05133333333333212,0.05034999999999812
test2,test2_1,啶虫脒-1,CentreWave,0.35614999999999997,0.05719999999999992,-0.29895000000000005
test2,test2_1,啶虫脒-2,CentreWave,0.3961833333333331,-0.012800000000000367,-0.4089833333333335
test2,test2_1,乙草胺-1,CentreWave,-0.011250000000000426,0.030300000000000438,0.041550000000000864
test2,test2_1,乙草胺-2,CentreWave,-0.021250000000000213,0.030283333333333218,0.05153333333333343
test2,test2_1,甲草胺-1,CentreWave,0.018700000000000827,-0.009533333333333616,-0.028233333333334443
test2,test2_1,甲草胺-2,CentreWave,-0.0012999999999987466,0.0004999999999988347,0.0017999999999975813
test2,test2_1,丙硫多菌灵-1,CentreWave,0.020950000000000912,-0.005783333333331697,-0.02673333333333261
test2,test2_1,丙硫多菌灵-2,CentreWave,0.08195000000000086,-0.091783333333332,-0.17373333333333285
test2,test2_1,涕灭威-1,CentreWave,-0.39259999999999984,0.008133333333333326,0.40073333333333316
test2,test2_1,涕灭威-2,CentreWave,-0.2324833333333336,-0.001966666666666228,0.23051666666666737
test2,test2_1,涕灭威砜-1,MRMPFormer,-0.01350042724609457,0.007237030029296321,0.02073745727539089
test2,test2_1,涕灭威砜-1,CentreWave,-0.003883333333333905,0.15658333333333374,0.16046666666666765
test2,test2_1,涕灭威砜-2,MRMPFormer,-0.013465408325195938,0.007469345092773416,0.020934753417969354
test2,test2_1,涕灭威砜-2,CentreWave,-0.003883333333333905,0.04640000000000022,0.050283333333334124
test2,test2_1,涕灭威亚砜-1,MRMPFormer,-0.015936950683593576,0.0010188446044923083,0.016955795288085884
test2,test2_1,涕灭威亚砜-1,CentreWave,-0.014083333333332781,0.09630000000000027,0.11038333333333306
test2,test2_1,涕灭威亚砜-2,MRMPFormer,-0.011288818359374009,0.0025283203125008313,0.01381713867187484
test2,test2_1,涕灭威亚砜-2,CentreWave,-0.004066666666666219,0.026183333333333003,0.030249999999999222
test2,test2_1,唑嘧菌胺-1,MRMPFormer,0.09153128051757875,0.03044439697265844,-0.06108688354492031
test2,test2_1,唑嘧菌胺-1,CentreWave,-0.031100000000002126,0.17013333333333236,0.20123333333333449
test2,test2_1,唑嘧菌胺-2,MRMPFormer,0.09354025268554622,0.020889038085940115,-0.0726512145996061
test2,test2_1,唑嘧菌胺-2,CentreWave,-0.041116666666667356,0.22021666666666917,0.2613333333333365
test2,test2_1,莠灭净-1,CentreWave,-0.036316666666667,-0.07361666666666622,-0.03729999999999922
test2,test2_1,莠灭净-2,CentreWave,0.06170000000000009,-0.05961666666666687,-0.12131666666666696
test2,test2_1,氨唑草酮-1,MRMPFormer,0.17974493408203074,0.09480444335937577,-0.08494049072265497
test2,test2_1,氨唑草酮-1,CentreWave,-0.021700000000000053,0.20963333333333445,0.2313333333333345
test2,test2_1,氨唑草酮-2,CentreWave,-0.0016666666666669272,0.00930000000000053,0.010966666666667457
test2,test2_1,酰嘧磺隆-1,MRMPFormer,-0.008204208374023025,0.019175857543945796,0.02738006591796882
test2,test2_1,酰嘧磺隆-1,CentreWave,-0.030983333333333363,0.43025,0.4612333333333334
test2,test2_1,酰嘧磺隆-2,MRMPFormer,-0.014090362548827784,0.017942718505859823,0.03203308105468761
test2,test2_1,酰嘧磺隆-2,CentreWave,-0.020966666666666356,0.37015000000000065,0.391116666666667
test2,test2_1,吲唑磺菌胺-1,MRMPFormer,0.03704356384277219,0.0782365722656273,0.041193008422855115
test2,test2_1,吲唑磺菌胺-1,CentreWave,-0.018000000000000682,0.253266666666665,0.27126666666666566
test2,test2_1,吲唑磺菌胺-2,MRMPFormer,0.06093585205078611,0.022667419433595626,-0.038268432617190484
test2,test2_1,吲唑磺菌胺-2,CentreWave,-0.007983333333331899,0.2032166666666697,0.2112000000000016
test2,test2_1,莎稗磷-1,MRMPFormer,0.032925186157228836,0.04353088378906378,0.010605697631834943
test2,test2_1,莎稗磷-1,CentreWave,-0.04538333333333355,0.44619999999999926,0.4915833333333328
test2,test2_1,莎稗磷-2,MRMPFormer,0.024160919189451846,0.026801147460938424,0.0026402282714865777
test2,test2_1,莎稗磷-2,CentreWave,-0.05540000000000056,-0.061123249539193125,-0.005723249539192565
test2,test2_1,莠去津-1,CentreWave,-0.02955000000000041,0.13200000000000056,0.16155000000000097
test2,test2_1,莠去津-2,CentreWave,-0.03956666666666653,0.07188333333333308,0.1114499999999996
test2,test2_1,保棉磷-1,MRMPFormer,0.018340270996094254,0.0322525482177749,0.013912277221680647
test2,test2_1,保棉磷-1,CentreWave,-0.037033333333332585,0.32418333333333393,0.3612166666666665
test2,test2_1,保棉磷-2,MRMPFormer,0.01286907958984429,0.04385395812988335,0.030984878540039062
test2,test2_1,保棉磷-2,CentreWave,-0.027016666666667355,0.1338666666666679,0.16088333333333527
test2,test2_1,嘧菌酯-1,MRMPFormer,0.00421676635742152,0.02001823425292848,0.01580146789550696
test2,test2_1,嘧菌酯-1,CentreWave,-0.0051000000000005485,0.15581666666666827,0.16091666666666882
test2,test2_1,嘧菌酯-2,MRMPFormer,0.008235778808593608,0.010740356445310795,0.002504577636717187
test2,test2_1,嘧菌酯-2,CentreWave,-0.015100000000000335,0.09568333333333356,0.1107833333333339
test2,test2_1,苯霜灵-1,MRMPFormer,0.049000244140625426,0.042737426757812,-0.006262817382813424
test2,test2_1,苯霜灵-1,CentreWave,-0.06573333333333409,0.20553333333333335,0.27126666666666743
test2,test2_1,苯霜灵-2,MRMPFormer,0.04162750244140767,0.021542968749999503,-0.02008453369140817
test2,test2_1,苯霜灵-2,CentreWave,-0.08575000000000088,0.21554999999999858,0.30129999999999946
test2,test2_1,草除灵-1,MRMPFormer,0.03115347290039061,0.05588285827636774,0.02472938537597713
test2,test2_1,草除灵-1,CentreWave,-0.0362000000000009,0.21486666666666743,0.2510666666666683
test2,test2_1,草除灵-2,MRMPFormer,0.028953155517577045,0.06599218749999913,0.03703903198242209
test2,test2_1,草除灵-2,CentreWave,-0.0362000000000009,0.3049999999999997,0.3412000000000006
test2,test2_1,恶虫威-1,CentreWave,-0.016750000000000043,0.04366666666666674,0.060416666666666785
test2,test2_1,恶虫威-2,CentreWave,0.02628333333333366,-0.034416666666666096,-0.060699999999999754
test2,test2_1,苄嘧磺隆-1,MRMPFormer,0.004324554443359219,0.027663177490234503,0.023338623046875284
test2,test2_1,苄嘧磺隆-1,CentreWave,-0.026533333333333076,0.2544666666666675,0.2810000000000006
test2,test2_1,苄嘧磺隆-2,MRMPFormer,0.011634048461914404,0.026893905639647997,0.015259857177733593
test2,test2_1,苄嘧磺隆-2,CentreWave,-0.026533333333333076,0.19436666666666724,0.22090000000000032
test2,test2_1,苯螨特-1,MRMPFormer,0.03339160156250287,0.03338229370117318,-9.307861329688194e-06
test2,test2_1,苯螨特-1,CentreWave,-0.02284999999999826,0.148183333333332,0.17103333333333026
test2,test2_1,苯螨特-2,MRMPFormer,0.02815783691406537,0.03749316406250003,0.009335327148434658
test2,test2_1,苯螨特-2,CentreWave,-0.02284999999999826,0.13814999999999955,0.1609999999999978
test2,test2_1,甲羧除草醚-1,MRMPFormer,0.055325988769531875,0.08809561157226753,0.032769622802735654
test2,test2_1,甲羧除草醚-1,CentreWave,-0.0017833333333356904,0.08930000000000149,0.09108333333333718
test2,test2_1,甲羧除草醚-2,CentreWave,-0.0017833333333356904,-0.04093333333333504,-0.03914999999999935
test2,test2_1,联苯菊酯-1,MRMPFormer,-0.010284118652339913,0.020944976806642757,0.03122909545898267
test2,test2_1,联苯菊酯-1,CentreWave,-0.010349999999995418,0.11011666666666997,0.12046666666666539
test2,test2_1,联苯菊酯-2,MRMPFormer,-0.008272781372067328,0.00957496643066591,0.017847747802733238
test2,test2_1,联苯菊酯-2,CentreWave,-0.010349999999995418,0.11011666666666997,0.12046666666666539
test2,test2_1,生物苄呋菊酯-1,MRMPFormer,-0.026456085205076363,0.036120895385746365,0.06257698059082273
test2,test2_1,生物苄呋菊酯-1,CentreWave,-0.0014666666666691697,0.12915000000000276,0.13061666666667193
test2,test2_1,生物苄呋菊酯-2,MRMPFormer,-0.0288677368164052,0.03209028625488486,0.06095802307129006
test2,test2_1,生物苄呋菊酯-2,CentreWave,-0.011483333333330847,0.14918333333333322,0.16066666666666407
test2,test2_1,啶酰菌胺-1,MRMPFormer,0.015819717407225653,0.034948745727538366,0.019129028320312713
test2,test2_1,啶酰菌胺-1,CentreWave,-0.04400000000000048,0.15700000000000003,0.2010000000000005
test2,test2_1,啶酰菌胺-2,MRMPFormer,0.020000701904297813,0.02998773193359483,0.009987030029297017
test2,test2_1,啶酰菌胺-2,CentreWave,-0.04400000000000048,0.1269333333333318,0.17093333333333227
test2,test2_2,阿维菌素-1,MRMPFormer,-0.014250732421874801,0.015071853637692811,0.029322586059567612
test2,test2_2,阿维菌素-1,CentreWave,-0.001216666666667976,-0.000966666666670335,0.000249999999997641
test2,test2_2,阿维菌素-2,MRMPFormer,-0.007234817504880198,0.0020838775634821616,0.00931869506836236
test2,test2_2,阿维菌素-2,CentreWave,0.008800000000000807,-0.05103333333333637,-0.05983333333333718
test2,test2_2,乙酰甲胺磷-1,MRMPFormer,0.01660133361816385,0.029886550903320153,0.013285217285156303
test2,test2_2,乙酰甲胺磷-1,CentreWave,-0.005033333333333445,0.03550000000000031,0.040533333333333754
test2,test2_2,乙酰甲胺磷-2,MRMPFormer,0.026335678100585902,0.01359268188476559,-0.012742996215820312
test2,test2_2,乙酰甲胺磷-2,CentreWave,0.0049833333333331176,0.005466666666666509,0.0004833333333333911
test2,test2_2,灭螨醌-1,MRMPFormer,-0.0073248138427750575,0.018329711914063296,0.025654525756838353
test2,test2_2,灭螨醌-1,CentreWave,0.02088333333333381,0.0012833333333368557,-0.019599999999996953
test2,test2_2,灭螨醌-2,MRMPFormer,-0.004362396240235711,-0.0029276123046848568,0.001434783935550854
test2,test2_2,灭螨醌-2,CentreWave,0.010883333333332246,-0.01876666666666793,-0.029650000000000176
test2,test2_2,啶虫脒-1,MRMPFormer,-0.01515866088867135,0.00640505981445294,0.02156372070312429
test2,test2_2,啶虫脒-1,CentreWave,-0.002966666666666562,0.3178000000000001,0.32076666666666664
test2,test2_2,啶虫脒-2,MRMPFormer,-0.019394729614257145,0.011558181762695519,0.030952911376952663
test2,test2_2,啶虫脒-2,CentreWave,-0.002966666666666562,0.17758333333333276,0.18054999999999932
test2,test2_2,乙草胺-1,CentreWave,-0.011083333333333556,0.0002999999999993008,0.011383333333332857
test2,test2_2,乙草胺-2,CentreWave,-0.0010500000000011056,-0.019716666666667493,-0.018666666666666387
test2,test2_2,甲草胺-1,CentreWave,0.028949999999998255,-0.04954999999999998,-0.07849999999999824
test2,test2_2,甲草胺-2,CentreWave,0.04893333333333061,-0.03953333333333475,-0.08846666666666536
test2,test2_2,丙硫多菌灵-1,MRMPFormer,0.004083099365233878,0.13204086303711016,0.12795776367187628
test2,test2_2,丙硫多菌灵-1,CentreWave,0.014733333333332155,-0.034600000000001074,-0.04933333333333323
test2,test2_2,丙硫多菌灵-2,MRMPFormer,0.0014913940429686079,0.1541378784179681,0.1526464843749995
test2,test2_2,丙硫多菌灵-2,CentreWave,0.014733333333332155,0.005433333333332513,-0.009299999999999642
test2,test2_2,涕灭威-1,MRMPFormer,-0.014985000610352017,0.0142812805175776,0.029266281127929616
test2,test2_2,涕灭威-1,CentreWave,-0.0019499999999998963,0.08846666666666625,0.09041666666666615
test2,test2_2,涕灭威-2,MRMPFormer,-0.009418212890625277,0.006192214965819787,0.015610427856445064
test2,test2_2,涕灭威-2,CentreWave,-0.011966666666666015,0.04838333333333278,0.060349999999998793
test2,test2_2,涕灭威砜-1,MRMPFormer,-0.01779837036132781,0.014184967041015906,0.031983337402343714
test2,test2_2,涕灭威砜-1,CentreWave,0.005900000000000016,0.05620000000000003,0.05030000000000001
test2,test2_2,涕灭威砜-2,MRMPFormer,-0.020028137207031005,0.0095552215576169,0.029583358764647905
test2,test2_2,涕灭威砜-2,CentreWave,-0.0041166666666669904,0.05621666666666636,0.06033333333333335
test2,test2_2,涕灭威亚砜-1,MRMPFormer,-0.013260864257812699,0.018202911376953068,0.03146377563476577
test2,test2_2,涕灭威亚砜-1,CentreWave,-0.004316666666666524,0.09606666666666674,0.10038333333333327
test2,test2_2,涕灭威亚砜-2,MRMPFormer,-0.012123550415040096,0.009969039916991829,0.022092590332031925
test2,test2_2,涕灭威亚砜-2,CentreWave,-0.004316666666666524,0.08606666666666651,0.09038333333333304
test2,test2_2,唑嘧菌胺-1,MRMPFormer,0.015196441650392245,0.04353613281249835,0.028339691162106107
test2,test2_2,唑嘧菌胺-1,CentreWave,-0.020783333333334042,0.21038333333332915,0.2311666666666632
test2,test2_2,唑嘧菌胺-2,MRMPFormer,0.0229730834960975,0.035833496093751194,0.012860412597653692
test2,test2_2,唑嘧菌胺-2,CentreWave,-0.010783333333332479,0.20035000000000025,0.21113333333333273
test2,test2_2,莠灭净-1,MRMPFormer,6.903076172015687e-05,0.021886505126953892,0.021817474365233736
test2,test2_2,莠灭净-1,CentreWave,-0.01608333333333256,0.34506666666666597,0.3611499999999985
test2,test2_2,莠灭净-2,MRMPFormer,0.005262054443360142,0.007905105590820583,0.00264305114746044
test2,test2_2,莠灭净-2,CentreWave,-0.01608333333333256,0.1848166666666664,0.20089999999999897
test2,test2_2,氨唑草酮-1,MRMPFormer,-0.014462219238280838,0.008909973144531236,0.023372192382812074
test2,test2_2,氨唑草酮-1,CentreWave,-0.021133333333333226,0.1995166666666668,0.22065
test2,test2_2,氨唑草酮-2,MRMPFormer,-0.009648605346679773,0.01643179321289079,0.02608039855957056
test2,test2_2,氨唑草酮-2,CentreWave,-0.01111666666666622,0.06930000000000014,0.08041666666666636
test2,test2_2,酰嘧磺隆-1,MRMPFormer,-0.02068475341796905,0.015430053710937308,0.03611480712890636
test2,test2_2,酰嘧磺隆-1,CentreWave,-0.010883333333333134,0.38008333333333244,0.3909666666666656
test2,test2_2,酰嘧磺隆-2,MRMPFormer,-0.012853561401367841,0.011083358764648388,0.02393692016601623
test2,test2_2,酰嘧磺隆-2,CentreWave,-0.010900000000000354,0.2799166666666668,0.29081666666666717
test2,test2_2,吲唑磺菌胺-1,CentreWave,0.0021666666666639856,0.033133333333331905,0.03096666666666792
test2,test2_2,吲唑磺菌胺-2,CentreWave,0.0021666666666639856,-0.007050000000003109,-0.009216666666667095
test2,test2_2,莎稗磷-1,MRMPFormer,-0.005606155395508239,0.01058929443359169,0.016195449829099928
test2,test2_2,莎稗磷-1,CentreWave,-0.035216666666666896,0.3060333333333336,0.3412500000000005
test2,test2_2,莎稗磷-2,MRMPFormer,0.016547393798827414,0.015434265136720526,-0.001113128662106888
test2,test2_2,莎稗磷-2,CentreWave,-0.02521666666666711,0.27596666666666714,0.30118333333333425
test2,test2_2,莠去津-1,MRMPFormer,-0.009945953369141058,0.008480941772461392,0.01842689514160245
test2,test2_2,莠去津-1,CentreWave,-0.018633333333333724,0.25223333333333375,0.2708666666666675
test2,test2_2,莠去津-2,MRMPFormer,-0.0049569396972648505,0.012500259399414126,0.017457199096678977
test2,test2_2,莠去津-2,CentreWave,-0.018633333333333724,0.23220000000000063,0.25083333333333435
test2,test2_2,保棉磷-1,MRMPFormer,-0.00450747680664243,-0.013654510498048111,-0.009147033691405682
test2,test2_2,保棉磷-1,CentreWave,0.003249999999999531,0.023899999999999366,0.020649999999999835
test2,test2_2,保棉磷-2,MRMPFormer,-0.005966751098632095,-0.012948638916014943,-0.006981887817382848
test2,test2_2,保棉磷-2,CentreWave,0.003249999999999531,-0.016149999999999665,-0.019399999999999196
test2,test2_2,嘧菌酯-1,MRMPFormer,-0.014900817871094318,0.017130661010739345,0.032031478881833664
test2,test2_2,嘧菌酯-1,CentreWave,-0.024966666666667692,0.14581666666666848,0.17078333333333617
test2,test2_2,嘧菌酯-2,MRMPFormer,-0.004962615966796591,0.004387207031250284,0.009349822998046875
test2,test2_2,嘧菌酯-2,CentreWave,-0.014966666666666129,0.04566666666666919,0.060633333333335315
test2,test2_2,苯霜灵-1,MRMPFormer,0.023347930908203196,0.016815490722656534,-0.006532440185546662
test2,test2_2,苯霜灵-1,CentreWave,-0.045550000000000423,0.15551666666666897,0.2010666666666694
test2,test2_2,苯霜灵-2,MRMPFormer,0.03204154968262074,0.039224395751956465,0.007182846069335724
test2,test2_2,苯霜灵-2,CentreWave,-0.045550000000000423,0.07534999999999847,0.1208999999999989
test2,test2_2,草除灵-1,MRMPFormer,0.0034190979003891897,0.021382965087891392,0.017963867187502203
test2,test2_2,草除灵-1,CentreWave,-0.00590000000000046,0.14488333333333436,0.15078333333333482
test2,test2_2,草除灵-2,MRMPFormer,-0.0027682647705091767,0.018998016357420155,0.021766281127929332
test2,test2_2,草除灵-2,CentreWave,-0.00590000000000046,0.25508333333333155,0.260983333333332
test2,test2_2,恶虫威-1,MRMPFormer,-0.01307702636718755,0.010558380126953537,0.023635406494141087
test2,test2_2,恶虫威-1,CentreWave,-0.010800000000000587,0.1397666666666666,0.15056666666666718
test2,test2_2,恶虫威-2,MRMPFormer,-0.006459823608398807,0.0216615142822274,0.028121337890626208
test2,test2_2,恶虫威-2,CentreWave,-0.02088333333333381,0.1397666666666666,0.1606500000000004
test2,test2_2,苄嘧磺隆-1,MRMPFormer,0.00026968383789238715,0.02191778564453095,0.021648101806638564
test2,test2_2,苄嘧磺隆-1,CentreWave,-0.006399999999999295,0.05421666666666525,0.06061666666666454
test2,test2_2,苄嘧磺隆-2,MRMPFormer,0.009533218383788622,0.026919158935545084,0.017385940551756462
test2,test2_2,苄嘧磺隆-2,CentreWave,-0.006399999999999295,0.46488333333333287,0.47128333333333217
test2,test2_2,苯螨特-1,MRMPFormer,0.00013134765624656097,0.02471951293945196,0.0245881652832054
test2,test2_2,苯螨特-1,CentreWave,-0.03270000000000195,0.2384333333333295,0.27113333333333145
test2,test2_2,苯螨特-2,MRMPFormer,0.00590252685547199,0.003406188964845569,-0.002496337890626421
test2,test2_2,苯螨特-2,CentreWave,-0.012683333333331603,0.08821666666666417,0.10089999999999577
test2,test2_2,甲羧除草醚-1,CentreWave,-0.011583333333334167,-0.0005666666666677145,0.011016666666666453
test2,test2_2,甲羧除草醚-2,CentreWave,0.018483333333332297,-0.27088333333333026,-0.28936666666666255
test2,test2_2,联苯菊酯-1,MRMPFormer,-0.01228836059570071,0.014078598022461364,0.026366958618162073
test2,test2_2,联苯菊酯-1,CentreWave,-0.010416666666667851,0.1200499999999991,0.13046666666666695
test2,test2_2,联苯菊酯-2,MRMPFormer,-0.010442886352535652,0.01894332885742145,0.0293862152099571
test2,test2_2,联苯菊酯-2,CentreWave,-0.00039999999999906777,0.1200499999999991,0.12044999999999817
test2,test2_2,生物苄呋菊酯-1,MRMPFormer,-0.024174285888669544,0.007945159912111421,0.032119445800780966
test2,test2_2,生物苄呋菊酯-1,CentreWave,-0.0015000000000000568,0.1491166666666679,0.15061666666666795
test2,test2_2,生物苄呋菊酯-2,MRMPFormer,-0.02531640624999909,0.012037338256838837,0.03735374450683793
test2,test2_2,生物苄呋菊酯-2,CentreWave,-0.0015000000000000568,0.05896666666666306,0.060466666666663116
test2,test2_2,啶酰菌胺-1,MRMPFormer,-0.014081634521483366,0.007347732543946606,0.02142936706542997
test2,test2_2,啶酰菌胺-1,CentreWave,-0.033799999999999386,0.3775000000000013,0.41130000000000067
test2,test2_2,啶酰菌胺-2,MRMPFormer,-0.007276748657227827,0.025511871337890568,0.032788619995118395
test2,test2_2,啶酰菌胺-2,CentreWave,-0.023766666666668712,0.1471,0.17086666666666872
test2,test2_3,阿维菌素-1,MRMPFormer,-0.010829254150387158,0.020536560058594944,0.0313658142089821
test2,test2_3,阿维菌素-1,CentreWave,-0.0011833333333299834,-0.0009000000000014552,0.00028333333332852817
test2,test2_3,阿维菌素-2,MRMPFormer,-0.005474411010737867,0.020633911132808436,0.026108322143546303
test2,test2_3,阿维菌素-2,CentreWave,0.008833333333335247,-0.010916666666666686,-0.019750000000001933
test2,test2_3,乙酰甲胺磷-1,MRMPFormer,0.09731826782226571,0.05610427856445366,-0.041213989257812056
test2,test2_3,乙酰甲胺磷-1,CentreWave,0.004633333333333045,-0.004750000000000032,-0.009383333333333077
test2,test2_3,乙酰甲胺磷-2,CentreWave,0.014650000000000052,-0.04476666666666684,-0.059416666666666895
test2,test2_3,灭螨醌-1,MRMPFormer,6.1203002928778e-05,-0.08103933715820588,-0.08110054016113466
test2,test2_3,灭螨醌-1,CentreWave,0.010900000000003018,-0.10876666666666779,-0.1196666666666708
test2,test2_3,灭螨醌-2,MRMPFormer,-0.010526947021482158,-0.029937194824217528,-0.01941024780273537
test2,test2_3,灭螨醌-2,CentreWave,0.010900000000003018,-0.038750000000000284,-0.0496500000000033
test2,test2_3,啶虫脒-1,MRMPFormer,-0.024818847656249865,0.014860870361328438,0.0396797180175783
test2,test2_3,啶虫脒-1,CentreWave,-0.013150000000000439,0.2976000000000001,0.3107500000000005
test2,test2_3,啶虫脒-2,MRMPFormer,-0.027128646850585802,0.01727404785156228,0.04440269470214808
test2,test2_3,啶虫脒-2,CentreWave,-0.013150000000000439,0.1373333333333333,0.15048333333333375
test2,test2_3,乙草胺-1,CentreWave,-0.011199999999998766,-0.00975000000000037,0.001449999999998397
test2,test2_3,乙草胺-2,CentreWave,0.05891666666666673,-0.009800000000000253,-0.06871666666666698
test2,test2_3,甲草胺-1,CentreWave,-0.4311333333333369,0.42043333333333166,0.8515666666666686
test2,test2_3,甲草胺-2,CentreWave,0.028883333333332928,-0.07964999999999911,-0.10853333333333204
test2,test2_3,丙硫多菌灵-1,CentreWave,-0.01548333333333396,-0.19540737951136933,-0.17992404617803537
test2,test2_3,丙硫多菌灵-2,CentreWave,0.004550000000000054,-0.09478333333333211,-0.09933333333333216
test2,test2_3,涕灭威-1,MRMPFormer,-0.018977539062499993,0.010641830444336975,0.029619369506836968
test2,test2_3,涕灭威-1,CentreWave,-0.0020999999999995467,0.06826666666666714,0.07036666666666669
test2,test2_3,涕灭威-2,MRMPFormer,-0.01326556396484424,0.009374206542968722,0.022639770507812962
test2,test2_3,涕灭威-2,CentreWave,-0.012116666666666553,0.0582333333333338,0.07035000000000036
test2,test2_3,涕灭威砜-1,MRMPFormer,-0.02529478454589773,0.0183983764648441,0.04369316101074183
test2,test2_3,涕灭威砜-1,CentreWave,-0.014233333333333764,0.07611666666666617,0.09034999999999993
test2,test2_3,涕灭威砜-2,MRMPFormer,-0.02399984741210881,0.009882751464844297,0.03388259887695311
test2,test2_3,涕灭威砜-2,CentreWave,-0.004216666666666757,0.07613333333333294,0.0803499999999997
test2,test2_3,涕灭威亚砜-1,MRMPFormer,-0.020081008911132958,0.00894891357421912,0.029029922485352078
test2,test2_3,涕灭威亚砜-1,CentreWave,-0.004433333333333511,0.07595000000000018,0.0803833333333337
test2,test2_3,涕灭威亚砜-2,MRMPFormer,-0.001791366577148512,0.0011741790771484517,0.002965545654296964
test2,test2_3,涕灭威亚砜-2,CentreWave,-0.004433333333333511,0.025849999999999707,0.030283333333333218
test2,test2_3,唑嘧菌胺-1,MRMPFormer,0.020624084472654403,0.09277893066406406,0.07215484619140966
test2,test2_3,唑嘧菌胺-2,MRMPFormer,0.01948493957519304,0.09212326049804531,0.07263832092285227
test2,test2_3,唑嘧菌胺-2,CentreWave,-0.030683333333332286,0.3407499999999999,0.37143333333333217
test2,test2_3,莠灭净-1,MRMPFormer,-0.005677352905273381,0.0185069885253899,0.02418434143066328
test2,test2_3,莠灭净-1,CentreWave,-0.01624999999999943,0.3649166666666659,0.3811666666666653
test2,test2_3,莠灭净-2,MRMPFormer,0.005587982177734929,0.019555267333984716,0.013967285156249787
test2,test2_3,莠灭净-2,CentreWave,-0.006249999999999645,0.1445333333333334,0.15078333333333305
test2,test2_3,氨唑草酮-1,MRMPFormer,-0.009769226074219262,0.013609298706055206,0.023378524780274468
test2,test2_3,氨唑草酮-1,CentreWave,-0.02133333333333276,0.1192000000000002,0.14053333333333295
test2,test2_3,氨唑草酮-2,MRMPFormer,-0.008009429931640888,0.01904646301269519,0.02705589294433608
test2,test2_3,氨唑草酮-2,CentreWave,-0.0012999999999996348,0.049066666666665704,0.05036666666666534
test2,test2_3,酰嘧磺隆-1,MRMPFormer,-0.015288482666015568,0.016129669189452578,0.031418151855468146
test2,test2_3,酰嘧磺隆-1,CentreWave,-0.021099999999999675,0.3898999999999999,0.4109999999999996
test2,test2_3,酰嘧磺隆-2,MRMPFormer,-0.013626190185546783,0.010363525390625128,0.02398971557617191
test2,test2_3,酰嘧磺隆-2,CentreWave,-0.011083333333332668,0.47004999999999963,0.4811333333333323
test2,test2_3,吲唑磺菌胺-1,MRMPFormer,0.019336593627929943,0.05376873779296787,0.034432144165037926
test2,test2_3,吲唑磺菌胺-1,CentreWave,-0.007666666666668931,0.06323333333332926,0.07089999999999819
test2,test2_3,吲唑磺菌胺-2,CentreWave,0.002349999999999852,-0.04693333333333172,-0.04928333333333157
test2,test2_3,莎稗磷-1,MRMPFormer,0.02827148437500071,0.03232368469238445,0.004052200317383736
test2,test2_3,莎稗磷-1,CentreWave,-0.015166666666665662,0.12576666666666902,0.1409333333333347
test2,test2_3,莎稗磷-2,MRMPFormer,0.022165222167970455,0.023855514526369248,0.0016902923583987928
test2,test2_3,莎稗磷-2,CentreWave,-0.015166666666665662,0.3261000000000003,0.34126666666666594
test2,test2_3,莠去津-1,MRMPFormer,-0.009352478027343736,0.0069066772460928405,0.016259155273436576
test2,test2_3,莠去津-1,CentreWave,-0.028849999999999376,0.28208333333333346,0.31093333333333284
test2,test2_3,莠去津-2,MRMPFormer,-0.010227569580077756,0.015288711547852607,0.025516281127930363
test2,test2_3,莠去津-2,CentreWave,-0.018833333333333258,0.1718833333333336,0.19071666666666687
test2,test2_3,保棉磷-1,MRMPFormer,-0.012240097045898679,-0.014345581054687528,-0.0021054840087888493
test2,test2_3,保棉磷-1,CentreWave,0.0030333333333336654,0.05381666666666618,0.050783333333332514
test2,test2_3,保棉磷-2,MRMPFormer,0.007458999633788821,-0.03958369445800791,-0.04704269409179673
test2,test2_3,保棉磷-2,CentreWave,0.013050000000000672,-0.056400000000000006,-0.06945000000000068
test2,test2_3,嘧菌酯-1,MRMPFormer,0.003491439819336861,0.015770034790039134,0.012278594970702272
test2,test2_3,嘧菌酯-1,CentreWave,-0.005133333333333212,0.16568333333333385,0.17081666666666706
test2,test2_3,嘧菌酯-2,MRMPFormer,0.0069268798828119316,0.01636299133300767,0.009436111450195739
test2,test2_3,嘧菌酯-2,CentreWave,-0.005133333333333212,0.08554999999999957,0.09068333333333278
test2,test2_3,苯霜灵-1,MRMPFormer,0.014924774169925215,0.01286773681640696,-0.002057037353518254
test2,test2_3,苯霜灵-1,CentreWave,-0.075566666666667,0.15554999999999986,0.23111666666666686
test2,test2_3,苯霜灵-2,MRMPFormer,0.03841201782226378,0.03474632263183608,-0.003665695190427698
test2,test2_3,苯霜灵-2,CentreWave,-0.04553333333333143,0.07538333333333291,0.12091666666666434
test2,test2_3,草除灵-1,MRMPFormer,0.002014297485352756,0.02125570678711064,0.019241409301757884
test2,test2_3,草除灵-1,CentreWave,-0.006083333333332774,0.33505000000000074,0.3411333333333335
test2,test2_3,草除灵-2,MRMPFormer,-0.011515289306640142,0.021382583618164475,0.032897872924804616
test2,test2_3,草除灵-2,CentreWave,-0.01608333333333256,0.1848166666666664,0.20089999999999897
test2,test2_3,恶虫威-1,MRMPFormer,-0.012348876953124588,0.008132232666016925,0.020481109619141513
test2,test2_3,恶虫威-1,CentreWave,-0.01100000000000012,0.19966666666666733,0.21066666666666745
test2,test2_3,恶虫威-2,MRMPFormer,-0.013748107910156016,0.016501907348633438,0.030250015258789453
test2,test2_3,恶虫威-2,CentreWave,-0.03108333333333313,0.1796333333333342,0.21071666666666733
test2,test2_3,苄嘧磺隆-1,MRMPFormer,0.005390914916992173,0.020484909057616463,0.01509399414062429
test2,test2_3,苄嘧磺隆-1,CentreWave,-0.006600000000000605,0.11411666666666775,0.12071666666666836
test2,test2_3,苄嘧磺隆-2,MRMPFormer,-0.0037285766601558024,0.029903701782226122,0.033632278442381924
test2,test2_3,苄嘧磺隆-2,CentreWave,-0.006600000000000605,0.19425000000000026,0.20085000000000086
test2,test2_3,苯螨特-1,MRMPFormer,0.005084503173829802,0.0315633850097683,0.026478881835938495
test2,test2_3,苯螨特-1,CentreWave,-0.022599999999997067,0.22850000000000037,0.25109999999999744
test2,test2_3,苯螨特-2,MRMPFormer,-0.011122009277343636,0.008605773925783211,0.019727783203126847
test2,test2_3,苯螨特-2,CentreWave,-0.022599999999997067,0.05821666666666658,0.08081666666666365
test2,test2_3,甲羧除草醚-1,CentreWave,-0.0114833333333344,-0.17070000000000007,-0.15921666666666567
test2,test2_3,甲羧除草醚-2,CentreWave,0.018583333333335617,-0.07076666666666753,-0.08935000000000315
test2,test2_3,联苯菊酯-1,MRMPFormer,-0.008547515869139488,0.010468444824219603,0.01901596069335909
test2,test2_3,联苯菊酯-1,CentreWave,-0.010383333333329858,0.15011666666666912,0.16049999999999898
test2,test2_3,联苯菊酯-2,MRMPFormer,-0.010346374511719603,0.010846710205079546,0.02119308471679915
test2,test2_3,联苯菊酯-2,CentreWave,-0.010383333333329858,0.09001666666666353,0.10039999999999338
test2,test2_3,生物苄呋菊酯-1,MRMPFormer,-0.016063018798831763,0.016721786499022784,0.03278480529785455
test2,test2_3,生物苄呋菊酯-1,CentreWave,-0.02149999999999963,0.1590999999999987,0.18059999999999832
test2,test2_3,生物苄呋菊酯-2,MRMPFormer,-0.01616235351562878,0.012924484252931023,0.029086837768559803
test2,test2_3,生物苄呋菊酯-2,CentreWave,-0.1216666666666697,0.13906666666666467,0.26073333333333437
test2,test2_3,啶酰菌胺-1,MRMPFormer,-0.01343572998046838,0.006855865478517131,0.020291595458985512
test2,test2_3,啶酰菌胺-1,CentreWave,-0.023916666666668362,0.34731666666666783,0.3712333333333362
test2,test2_3,啶酰菌胺-2,MRMPFormer,-0.0019110717773447305,0.005703369140624304,0.007614440917969034
test2,test2_3,啶酰菌胺-2,CentreWave,-0.023916666666668362,0.036783333333334056,0.06070000000000242
